Instance,Terminal,Layer,X location,Y location,Voltage
FILLER_27_187,VPWR,li1,92.2300,84.3200,1.800000
FILLER_27_184,VPWR,li1,90.8500,84.3200,1.800000
FILLER_27_181,VPWR,li1,89.4700,84.3200,1.800000
FILLER_27_178,VPWR,li1,88.0900,84.3200,1.800000
FILLER_27_175,VPWR,li1,86.7100,84.3200,1.800000
FILLER_27_172,VPWR,li1,85.3300,84.3200,1.800000
FILLER_27_169,VPWR,li1,83.9500,84.3200,1.800000
FILLER_27_165,VPWR,li1,82.1100,84.3200,1.800000
FILLER_27_162,VPWR,li1,80.7300,84.3200,1.800000
FILLER_27_159,VPWR,li1,79.3500,84.3200,1.800000
FILLER_27_156,VPWR,li1,77.9700,84.3200,1.800000
FILLER_27_153,VPWR,li1,76.5900,84.3200,1.800000
FILLER_27_150,VPWR,li1,75.2100,84.3200,1.800000
FILLER_27_147,VPWR,li1,73.8300,84.3200,1.800000
FILLER_27_144,VPWR,li1,72.4500,84.3200,1.800000
FILLER_27_141,VPWR,li1,71.0700,84.3200,1.800000
FILLER_27_137,VPWR,li1,69.2300,84.3200,1.800000
FILLER_27_134,VPWR,li1,67.8500,84.3200,1.800000
FILLER_27_131,VPWR,li1,66.4700,84.3200,1.800000
FILLER_27_128,VPWR,li1,65.0900,84.3200,1.800000
FILLER_27_125,VPWR,li1,63.7100,84.3200,1.800000
FILLER_27_122,VPWR,li1,62.3300,84.3200,1.800000
FILLER_27_119,VPWR,li1,60.9500,84.3200,1.800000
FILLER_27_116,VPWR,li1,59.5700,84.3200,1.800000
FILLER_27_113,VPWR,li1,58.1900,84.3200,1.800000
FILLER_27_109,VPWR,li1,56.3500,84.3200,1.800000
FILLER_27_106,VPWR,li1,54.9700,84.3200,1.800000
FILLER_27_103,VPWR,li1,53.5900,84.3200,1.800000
FILLER_27_100,VPWR,li1,52.2100,84.3200,1.800000
FILLER_27_97,VPWR,li1,50.8300,84.3200,1.800000
FILLER_27_94,VPWR,li1,49.4500,84.3200,1.800000
FILLER_27_91,VPWR,li1,48.0700,84.3200,1.800000
FILLER_27_88,VPWR,li1,46.6900,84.3200,1.800000
FILLER_27_85,VPWR,li1,45.3100,84.3200,1.800000
FILLER_27_81,VPWR,li1,43.4700,84.3200,1.800000
FILLER_27_78,VPWR,li1,42.0900,84.3200,1.800000
FILLER_27_75,VPWR,li1,40.7100,84.3200,1.800000
FILLER_27_72,VPWR,li1,39.3300,84.3200,1.800000
FILLER_27_69,VPWR,li1,37.9500,84.3200,1.800000
FILLER_27_66,VPWR,li1,36.5700,84.3200,1.800000
FILLER_27_63,VPWR,li1,35.1900,84.3200,1.800000
FILLER_27_60,VPWR,li1,33.8100,84.3200,1.800000
FILLER_27_57,VPWR,li1,32.4300,84.3200,1.800000
FILLER_27_53,VPWR,li1,30.5900,84.3200,1.800000
FILLER_27_50,VPWR,li1,29.2100,84.3200,1.800000
FILLER_27_47,VPWR,li1,27.8300,84.3200,1.800000
FILLER_27_44,VPWR,li1,26.4500,84.3200,1.800000
FILLER_27_41,VPWR,li1,25.0700,84.3200,1.800000
FILLER_27_38,VPWR,li1,23.6900,84.3200,1.800000
FILLER_27_35,VPWR,li1,22.3100,84.3200,1.800000
FILLER_27_32,VPWR,li1,20.9300,84.3200,1.800000
FILLER_27_29,VPWR,li1,19.5500,84.3200,1.800000
FILLER_27_27,VPWR,li1,18.1700,84.3200,1.800000
FILLER_27_24,VPWR,li1,17.2500,84.3200,1.800000
FILLER_27_21,VPWR,li1,15.8700,84.3200,1.800000
FILLER_27_18,VPWR,li1,14.4900,84.3200,1.800000
FILLER_27_15,VPWR,li1,13.1100,84.3200,1.800000
FILLER_27_12,VPWR,li1,11.7300,84.3200,1.800000
FILLER_27_9,VPWR,li1,10.3500,84.3200,1.800000
FILLER_27_6,VPWR,li1,8.9700,84.3200,1.800000
FILLER_27_3,VPWR,li1,7.5900,84.3200,1.800000
FILLER_26_189,VPWR,li1,92.6900,84.3200,1.800000
FILLER_26_186,VPWR,li1,91.7700,84.3200,1.800000
FILLER_26_183,VPWR,li1,90.3900,84.3200,1.800000
FILLER_26_180,VPWR,li1,89.0100,84.3200,1.800000
FILLER_26_177,VPWR,li1,87.6300,84.3200,1.800000
FILLER_26_174,VPWR,li1,86.2500,84.3200,1.800000
FILLER_26_171,VPWR,li1,84.8700,84.3200,1.800000
FILLER_26_168,VPWR,li1,83.4900,84.3200,1.800000
FILLER_26_165,VPWR,li1,82.1100,84.3200,1.800000
FILLER_26_162,VPWR,li1,80.7300,84.3200,1.800000
FILLER_26_159,VPWR,li1,79.3500,84.3200,1.800000
FILLER_26_156,VPWR,li1,77.9700,84.3200,1.800000
FILLER_26_153,VPWR,li1,76.5900,84.3200,1.800000
FILLER_26_150,VPWR,li1,75.2100,84.3200,1.800000
FILLER_26_147,VPWR,li1,73.8300,84.3200,1.800000
FILLER_26_144,VPWR,li1,72.4500,84.3200,1.800000
FILLER_26_141,VPWR,li1,71.0700,84.3200,1.800000
FILLER_26_139,VPWR,li1,69.6900,84.3200,1.800000
FILLER_26_136,VPWR,li1,68.7700,84.3200,1.800000
FILLER_26_133,VPWR,li1,67.3900,84.3200,1.800000
FILLER_26_130,VPWR,li1,66.0100,84.3200,1.800000
FILLER_26_127,VPWR,li1,64.6300,84.3200,1.800000
FILLER_26_124,VPWR,li1,63.2500,84.3200,1.800000
FILLER_26_121,VPWR,li1,61.8700,84.3200,1.800000
FILLER_26_118,VPWR,li1,60.4900,84.3200,1.800000
FILLER_26_115,VPWR,li1,59.1100,84.3200,1.800000
FILLER_26_112,VPWR,li1,57.7300,84.3200,1.800000
FILLER_26_109,VPWR,li1,56.3500,84.3200,1.800000
FILLER_26_106,VPWR,li1,54.9700,84.3200,1.800000
FILLER_26_103,VPWR,li1,53.5900,84.3200,1.800000
FILLER_26_100,VPWR,li1,52.2100,84.3200,1.800000
FILLER_26_97,VPWR,li1,50.8300,84.3200,1.800000
FILLER_26_94,VPWR,li1,49.4500,84.3200,1.800000
FILLER_26_91,VPWR,li1,48.0700,84.3200,1.800000
FILLER_26_88,VPWR,li1,46.6900,84.3200,1.800000
FILLER_26_85,VPWR,li1,45.3100,84.3200,1.800000
FILLER_26_83,VPWR,li1,43.9300,84.3200,1.800000
FILLER_26_80,VPWR,li1,43.0100,84.3200,1.800000
FILLER_26_77,VPWR,li1,41.6300,84.3200,1.800000
FILLER_26_74,VPWR,li1,40.2500,84.3200,1.800000
FILLER_26_71,VPWR,li1,38.8700,84.3200,1.800000
FILLER_26_68,VPWR,li1,37.4900,84.3200,1.800000
FILLER_26_65,VPWR,li1,36.1100,84.3200,1.800000
FILLER_26_62,VPWR,li1,34.7300,84.3200,1.800000
FILLER_26_59,VPWR,li1,33.3500,84.3200,1.800000
FILLER_26_56,VPWR,li1,31.9700,84.3200,1.800000
FILLER_26_53,VPWR,li1,30.5900,84.3200,1.800000
FILLER_26_50,VPWR,li1,29.2100,84.3200,1.800000
FILLER_26_47,VPWR,li1,27.8300,84.3200,1.800000
FILLER_26_44,VPWR,li1,26.4500,84.3200,1.800000
FILLER_26_41,VPWR,li1,25.0700,84.3200,1.800000
FILLER_26_38,VPWR,li1,23.6900,84.3200,1.800000
FILLER_26_35,VPWR,li1,22.3100,84.3200,1.800000
FILLER_26_32,VPWR,li1,20.9300,84.3200,1.800000
FILLER_26_29,VPWR,li1,19.5500,84.3200,1.800000
FILLER_26_27,VPWR,li1,18.1700,84.3200,1.800000
FILLER_26_24,VPWR,li1,17.2500,84.3200,1.800000
FILLER_26_21,VPWR,li1,15.8700,84.3200,1.800000
FILLER_26_18,VPWR,li1,14.4900,84.3200,1.800000
FILLER_26_15,VPWR,li1,13.1100,84.3200,1.800000
FILLER_26_12,VPWR,li1,11.7300,84.3200,1.800000
FILLER_26_9,VPWR,li1,10.3500,84.3200,1.800000
FILLER_26_6,VPWR,li1,8.9700,84.3200,1.800000
FILLER_26_3,VPWR,li1,7.5900,84.3200,1.800000
FILLER_25_187,VPWR,li1,92.2300,78.8800,1.800000
FILLER_25_184,VPWR,li1,90.8500,78.8800,1.800000
FILLER_25_181,VPWR,li1,89.4700,78.8800,1.800000
FILLER_25_178,VPWR,li1,88.0900,78.8800,1.800000
FILLER_25_175,VPWR,li1,86.7100,78.8800,1.800000
FILLER_25_172,VPWR,li1,85.3300,78.8800,1.800000
FILLER_25_169,VPWR,li1,83.9500,78.8800,1.800000
FILLER_25_167,VPWR,li1,82.5700,78.8800,1.800000
FILLER_25_164,VPWR,li1,81.6500,78.8800,1.800000
FILLER_25_161,VPWR,li1,80.2700,78.8800,1.800000
FILLER_25_158,VPWR,li1,78.8900,78.8800,1.800000
FILLER_25_155,VPWR,li1,77.5100,78.8800,1.800000
FILLER_25_152,VPWR,li1,76.1300,78.8800,1.800000
FILLER_25_149,VPWR,li1,74.7500,78.8800,1.800000
FILLER_25_146,VPWR,li1,73.3700,78.8800,1.800000
FILLER_25_143,VPWR,li1,71.9900,78.8800,1.800000
FILLER_25_140,VPWR,li1,70.6100,78.8800,1.800000
FILLER_25_137,VPWR,li1,69.2300,78.8800,1.800000
FILLER_25_134,VPWR,li1,67.8500,78.8800,1.800000
FILLER_25_131,VPWR,li1,66.4700,78.8800,1.800000
FILLER_25_128,VPWR,li1,65.0900,78.8800,1.800000
FILLER_25_125,VPWR,li1,63.7100,78.8800,1.800000
FILLER_25_122,VPWR,li1,62.3300,78.8800,1.800000
FILLER_25_119,VPWR,li1,60.9500,78.8800,1.800000
FILLER_25_116,VPWR,li1,59.5700,78.8800,1.800000
FILLER_25_113,VPWR,li1,58.1900,78.8800,1.800000
FILLER_25_111,VPWR,li1,56.8100,78.8800,1.800000
FILLER_25_108,VPWR,li1,55.8900,78.8800,1.800000
FILLER_25_105,VPWR,li1,54.5100,78.8800,1.800000
FILLER_25_102,VPWR,li1,53.1300,78.8800,1.800000
FILLER_25_99,VPWR,li1,51.7500,78.8800,1.800000
FILLER_25_96,VPWR,li1,50.3700,78.8800,1.800000
FILLER_25_93,VPWR,li1,48.9900,78.8800,1.800000
FILLER_25_90,VPWR,li1,47.6100,78.8800,1.800000
FILLER_25_87,VPWR,li1,46.2300,78.8800,1.800000
FILLER_25_84,VPWR,li1,44.8500,78.8800,1.800000
FILLER_25_81,VPWR,li1,43.4700,78.8800,1.800000
FILLER_25_78,VPWR,li1,42.0900,78.8800,1.800000
FILLER_25_75,VPWR,li1,40.7100,78.8800,1.800000
FILLER_25_72,VPWR,li1,39.3300,78.8800,1.800000
FILLER_25_69,VPWR,li1,37.9500,78.8800,1.800000
FILLER_25_66,VPWR,li1,36.5700,78.8800,1.800000
FILLER_25_63,VPWR,li1,35.1900,78.8800,1.800000
FILLER_25_60,VPWR,li1,33.8100,78.8800,1.800000
FILLER_25_57,VPWR,li1,32.4300,78.8800,1.800000
FILLER_25_54,VPWR,li1,30.8200,78.8800,1.800000
FILLER_25_51,VPWR,li1,29.6700,78.8800,1.800000
FILLER_25_48,VPWR,li1,28.2900,78.8800,1.800000
FILLER_25_45,VPWR,li1,26.9100,78.8800,1.800000
FILLER_25_42,VPWR,li1,25.5300,78.8800,1.800000
FILLER_25_39,VPWR,li1,24.1500,78.8800,1.800000
FILLER_25_36,VPWR,li1,22.7700,78.8800,1.800000
FILLER_25_33,VPWR,li1,21.3900,78.8800,1.800000
FILLER_25_30,VPWR,li1,20.0100,78.8800,1.800000
FILLER_25_27,VPWR,li1,18.6300,78.8800,1.800000
FILLER_25_24,VPWR,li1,17.2500,78.8800,1.800000
FILLER_25_21,VPWR,li1,15.8700,78.8800,1.800000
FILLER_25_18,VPWR,li1,14.4900,78.8800,1.800000
FILLER_25_15,VPWR,li1,13.1100,78.8800,1.800000
FILLER_25_12,VPWR,li1,11.7300,78.8800,1.800000
FILLER_25_9,VPWR,li1,10.3500,78.8800,1.800000
FILLER_25_6,VPWR,li1,8.9700,78.8800,1.800000
FILLER_25_3,VPWR,li1,7.5900,78.8800,1.800000
FILLER_24_189,VPWR,li1,92.6900,78.8800,1.800000
FILLER_24_186,VPWR,li1,91.7700,78.8800,1.800000
FILLER_24_183,VPWR,li1,90.3900,78.8800,1.800000
FILLER_24_180,VPWR,li1,89.0100,78.8800,1.800000
FILLER_24_177,VPWR,li1,87.6300,78.8800,1.800000
FILLER_24_174,VPWR,li1,86.2500,78.8800,1.800000
FILLER_24_171,VPWR,li1,84.8700,78.8800,1.800000
FILLER_24_168,VPWR,li1,83.4900,78.8800,1.800000
FILLER_24_165,VPWR,li1,82.1100,78.8800,1.800000
FILLER_24_162,VPWR,li1,80.7300,78.8800,1.800000
FILLER_24_159,VPWR,li1,79.3500,78.8800,1.800000
FILLER_24_156,VPWR,li1,77.9700,78.8800,1.800000
FILLER_24_153,VPWR,li1,76.5900,78.8800,1.800000
FILLER_24_150,VPWR,li1,75.2100,78.8800,1.800000
FILLER_24_147,VPWR,li1,73.8300,78.8800,1.800000
FILLER_24_144,VPWR,li1,72.4500,78.8800,1.800000
FILLER_24_141,VPWR,li1,71.0700,78.8800,1.800000
FILLER_24_139,VPWR,li1,69.6900,78.8800,1.800000
FILLER_24_136,VPWR,li1,68.7700,78.8800,1.800000
FILLER_24_133,VPWR,li1,67.3900,78.8800,1.800000
FILLER_24_130,VPWR,li1,66.0100,78.8800,1.800000
FILLER_24_127,VPWR,li1,64.6300,78.8800,1.800000
FILLER_24_124,VPWR,li1,63.2500,78.8800,1.800000
FILLER_24_121,VPWR,li1,61.8700,78.8800,1.800000
FILLER_24_118,VPWR,li1,60.4900,78.8800,1.800000
FILLER_24_115,VPWR,li1,59.1100,78.8800,1.800000
FILLER_24_112,VPWR,li1,57.7300,78.8800,1.800000
FILLER_24_109,VPWR,li1,56.3500,78.8800,1.800000
FILLER_24_106,VPWR,li1,54.9700,78.8800,1.800000
FILLER_24_103,VPWR,li1,53.5900,78.8800,1.800000
FILLER_24_100,VPWR,li1,52.2100,78.8800,1.800000
FILLER_24_97,VPWR,li1,50.8300,78.8800,1.800000
FILLER_24_94,VPWR,li1,49.4500,78.8800,1.800000
FILLER_24_91,VPWR,li1,48.0700,78.8800,1.800000
FILLER_24_88,VPWR,li1,46.6900,78.8800,1.800000
FILLER_24_85,VPWR,li1,45.3100,78.8800,1.800000
FILLER_24_83,VPWR,li1,43.9300,78.8800,1.800000
FILLER_24_80,VPWR,li1,43.0100,78.8800,1.800000
FILLER_24_77,VPWR,li1,41.6300,78.8800,1.800000
FILLER_24_74,VPWR,li1,40.2500,78.8800,1.800000
FILLER_24_71,VPWR,li1,38.8700,78.8800,1.800000
FILLER_24_68,VPWR,li1,37.4900,78.8800,1.800000
FILLER_24_65,VPWR,li1,36.1100,78.8800,1.800000
FILLER_24_62,VPWR,li1,34.7300,78.8800,1.800000
FILLER_24_59,VPWR,li1,33.3500,78.8800,1.800000
FILLER_24_56,VPWR,li1,31.9700,78.8800,1.800000
FILLER_24_53,VPWR,li1,30.5900,78.8800,1.800000
FILLER_24_50,VPWR,li1,29.2100,78.8800,1.800000
FILLER_24_47,VPWR,li1,27.8300,78.8800,1.800000
FILLER_24_44,VPWR,li1,26.4500,78.8800,1.800000
FILLER_24_41,VPWR,li1,25.0700,78.8800,1.800000
FILLER_24_38,VPWR,li1,23.6900,78.8800,1.800000
FILLER_24_35,VPWR,li1,22.3100,78.8800,1.800000
FILLER_24_32,VPWR,li1,20.9300,78.8800,1.800000
FILLER_24_29,VPWR,li1,19.5500,78.8800,1.800000
FILLER_24_27,VPWR,li1,18.1700,78.8800,1.800000
FILLER_24_24,VPWR,li1,17.2500,78.8800,1.800000
FILLER_24_21,VPWR,li1,15.8700,78.8800,1.800000
FILLER_24_18,VPWR,li1,14.4900,78.8800,1.800000
FILLER_24_15,VPWR,li1,13.1100,78.8800,1.800000
FILLER_24_12,VPWR,li1,11.7300,78.8800,1.800000
FILLER_24_9,VPWR,li1,10.3500,78.8800,1.800000
FILLER_24_6,VPWR,li1,8.9700,78.8800,1.800000
FILLER_24_3,VPWR,li1,7.5900,78.8800,1.800000
FILLER_23_187,VPWR,li1,92.2300,73.4400,1.800000
FILLER_23_184,VPWR,li1,90.8500,73.4400,1.800000
FILLER_23_181,VPWR,li1,89.4700,73.4400,1.800000
FILLER_23_178,VPWR,li1,88.0900,73.4400,1.800000
FILLER_23_175,VPWR,li1,86.7100,73.4400,1.800000
FILLER_23_172,VPWR,li1,85.3300,73.4400,1.800000
FILLER_23_169,VPWR,li1,83.9500,73.4400,1.800000
FILLER_23_167,VPWR,li1,82.5700,73.4400,1.800000
FILLER_23_164,VPWR,li1,81.6500,73.4400,1.800000
FILLER_23_161,VPWR,li1,80.2700,73.4400,1.800000
FILLER_23_158,VPWR,li1,78.8900,73.4400,1.800000
FILLER_23_155,VPWR,li1,77.5100,73.4400,1.800000
FILLER_23_152,VPWR,li1,76.1300,73.4400,1.800000
FILLER_23_149,VPWR,li1,74.7500,73.4400,1.800000
FILLER_23_146,VPWR,li1,73.3700,73.4400,1.800000
FILLER_23_143,VPWR,li1,71.9900,73.4400,1.800000
FILLER_23_140,VPWR,li1,70.6100,73.4400,1.800000
FILLER_23_137,VPWR,li1,69.2300,73.4400,1.800000
FILLER_23_134,VPWR,li1,67.8500,73.4400,1.800000
FILLER_23_131,VPWR,li1,66.4700,73.4400,1.800000
FILLER_23_128,VPWR,li1,65.0900,73.4400,1.800000
FILLER_23_125,VPWR,li1,63.7100,73.4400,1.800000
FILLER_23_122,VPWR,li1,62.3300,73.4400,1.800000
FILLER_23_119,VPWR,li1,60.9500,73.4400,1.800000
FILLER_23_116,VPWR,li1,59.5700,73.4400,1.800000
FILLER_23_113,VPWR,li1,58.1900,73.4400,1.800000
FILLER_23_111,VPWR,li1,56.8100,73.4400,1.800000
FILLER_23_108,VPWR,li1,55.8900,73.4400,1.800000
FILLER_23_105,VPWR,li1,54.5100,73.4400,1.800000
FILLER_23_102,VPWR,li1,53.1300,73.4400,1.800000
FILLER_23_99,VPWR,li1,51.7500,73.4400,1.800000
FILLER_23_96,VPWR,li1,50.3700,73.4400,1.800000
FILLER_23_93,VPWR,li1,48.9900,73.4400,1.800000
FILLER_23_90,VPWR,li1,47.6100,73.4400,1.800000
FILLER_23_87,VPWR,li1,46.2300,73.4400,1.800000
FILLER_23_84,VPWR,li1,44.8500,73.4400,1.800000
FILLER_23_81,VPWR,li1,43.4700,73.4400,1.800000
FILLER_23_78,VPWR,li1,42.0900,73.4400,1.800000
FILLER_23_75,VPWR,li1,40.7100,73.4400,1.800000
FILLER_23_72,VPWR,li1,39.3300,73.4400,1.800000
FILLER_23_69,VPWR,li1,37.9500,73.4400,1.800000
FILLER_23_66,VPWR,li1,36.5700,73.4400,1.800000
FILLER_23_63,VPWR,li1,35.1900,73.4400,1.800000
FILLER_23_60,VPWR,li1,33.8100,73.4400,1.800000
FILLER_23_57,VPWR,li1,32.4300,73.4400,1.800000
FILLER_23_54,VPWR,li1,30.8200,73.4400,1.800000
FILLER_23_51,VPWR,li1,29.6700,73.4400,1.800000
FILLER_23_48,VPWR,li1,28.2900,73.4400,1.800000
FILLER_23_45,VPWR,li1,26.9100,73.4400,1.800000
FILLER_23_42,VPWR,li1,25.5300,73.4400,1.800000
FILLER_23_39,VPWR,li1,24.1500,73.4400,1.800000
FILLER_23_36,VPWR,li1,22.7700,73.4400,1.800000
FILLER_23_33,VPWR,li1,21.3900,73.4400,1.800000
FILLER_23_30,VPWR,li1,20.0100,73.4400,1.800000
FILLER_23_27,VPWR,li1,18.6300,73.4400,1.800000
FILLER_23_24,VPWR,li1,17.2500,73.4400,1.800000
FILLER_23_21,VPWR,li1,15.8700,73.4400,1.800000
FILLER_23_18,VPWR,li1,14.4900,73.4400,1.800000
FILLER_23_15,VPWR,li1,13.1100,73.4400,1.800000
FILLER_23_12,VPWR,li1,11.7300,73.4400,1.800000
FILLER_23_9,VPWR,li1,10.3500,73.4400,1.800000
FILLER_23_6,VPWR,li1,8.9700,73.4400,1.800000
FILLER_23_3,VPWR,li1,7.5900,73.4400,1.800000
FILLER_22_189,VPWR,li1,92.6900,73.4400,1.800000
FILLER_22_186,VPWR,li1,91.7700,73.4400,1.800000
FILLER_22_183,VPWR,li1,90.3900,73.4400,1.800000
FILLER_22_180,VPWR,li1,89.0100,73.4400,1.800000
FILLER_22_177,VPWR,li1,87.6300,73.4400,1.800000
FILLER_22_174,VPWR,li1,86.2500,73.4400,1.800000
FILLER_22_171,VPWR,li1,84.8700,73.4400,1.800000
FILLER_22_168,VPWR,li1,83.4900,73.4400,1.800000
FILLER_22_165,VPWR,li1,82.1100,73.4400,1.800000
FILLER_22_162,VPWR,li1,80.7300,73.4400,1.800000
FILLER_22_159,VPWR,li1,79.3500,73.4400,1.800000
FILLER_22_156,VPWR,li1,77.9700,73.4400,1.800000
FILLER_22_153,VPWR,li1,76.5900,73.4400,1.800000
FILLER_22_150,VPWR,li1,75.2100,73.4400,1.800000
FILLER_22_147,VPWR,li1,73.8300,73.4400,1.800000
FILLER_22_144,VPWR,li1,72.4500,73.4400,1.800000
FILLER_22_141,VPWR,li1,71.0700,73.4400,1.800000
FILLER_22_139,VPWR,li1,69.6900,73.4400,1.800000
FILLER_22_136,VPWR,li1,68.7700,73.4400,1.800000
FILLER_22_133,VPWR,li1,67.3900,73.4400,1.800000
FILLER_22_130,VPWR,li1,66.0100,73.4400,1.800000
FILLER_22_127,VPWR,li1,64.6300,73.4400,1.800000
FILLER_22_124,VPWR,li1,63.2500,73.4400,1.800000
FILLER_22_121,VPWR,li1,61.8700,73.4400,1.800000
FILLER_22_118,VPWR,li1,60.4900,73.4400,1.800000
FILLER_22_115,VPWR,li1,59.1100,73.4400,1.800000
FILLER_22_112,VPWR,li1,57.7300,73.4400,1.800000
FILLER_22_109,VPWR,li1,56.3500,73.4400,1.800000
FILLER_22_106,VPWR,li1,54.9700,73.4400,1.800000
FILLER_22_103,VPWR,li1,53.5900,73.4400,1.800000
FILLER_22_100,VPWR,li1,52.2100,73.4400,1.800000
FILLER_22_97,VPWR,li1,50.8300,73.4400,1.800000
FILLER_22_94,VPWR,li1,49.4500,73.4400,1.800000
FILLER_22_91,VPWR,li1,48.0700,73.4400,1.800000
FILLER_22_88,VPWR,li1,46.6900,73.4400,1.800000
FILLER_22_85,VPWR,li1,45.3100,73.4400,1.800000
FILLER_22_83,VPWR,li1,43.9300,73.4400,1.800000
FILLER_22_80,VPWR,li1,43.0100,73.4400,1.800000
FILLER_22_77,VPWR,li1,41.6300,73.4400,1.800000
FILLER_22_74,VPWR,li1,40.2500,73.4400,1.800000
FILLER_22_71,VPWR,li1,38.8700,73.4400,1.800000
FILLER_22_68,VPWR,li1,37.4900,73.4400,1.800000
FILLER_22_65,VPWR,li1,36.1100,73.4400,1.800000
FILLER_22_62,VPWR,li1,34.7300,73.4400,1.800000
FILLER_22_59,VPWR,li1,33.3500,73.4400,1.800000
FILLER_22_56,VPWR,li1,31.9700,73.4400,1.800000
FILLER_22_53,VPWR,li1,30.5900,73.4400,1.800000
FILLER_22_50,VPWR,li1,29.2100,73.4400,1.800000
FILLER_22_47,VPWR,li1,27.8300,73.4400,1.800000
FILLER_22_44,VPWR,li1,26.4500,73.4400,1.800000
FILLER_22_41,VPWR,li1,25.0700,73.4400,1.800000
FILLER_22_38,VPWR,li1,23.6900,73.4400,1.800000
FILLER_22_35,VPWR,li1,22.3100,73.4400,1.800000
FILLER_22_32,VPWR,li1,20.9300,73.4400,1.800000
FILLER_22_29,VPWR,li1,19.5500,73.4400,1.800000
FILLER_22_27,VPWR,li1,18.1700,73.4400,1.800000
FILLER_22_24,VPWR,li1,17.2500,73.4400,1.800000
FILLER_22_21,VPWR,li1,15.8700,73.4400,1.800000
FILLER_22_18,VPWR,li1,14.4900,73.4400,1.800000
FILLER_22_15,VPWR,li1,13.1100,73.4400,1.800000
FILLER_22_12,VPWR,li1,11.7300,73.4400,1.800000
FILLER_22_9,VPWR,li1,10.3500,73.4400,1.800000
FILLER_22_6,VPWR,li1,8.9700,73.4400,1.800000
FILLER_22_3,VPWR,li1,7.5900,73.4400,1.800000
FILLER_21_187,VPWR,li1,92.2300,68.0000,1.800000
FILLER_21_184,VPWR,li1,90.8500,68.0000,1.800000
FILLER_21_181,VPWR,li1,89.4700,68.0000,1.800000
FILLER_21_178,VPWR,li1,88.0900,68.0000,1.800000
FILLER_21_175,VPWR,li1,86.7100,68.0000,1.800000
FILLER_21_172,VPWR,li1,85.3300,68.0000,1.800000
FILLER_21_169,VPWR,li1,83.9500,68.0000,1.800000
FILLER_21_167,VPWR,li1,82.5700,68.0000,1.800000
FILLER_21_164,VPWR,li1,81.6500,68.0000,1.800000
FILLER_21_161,VPWR,li1,80.2700,68.0000,1.800000
FILLER_21_158,VPWR,li1,78.8900,68.0000,1.800000
FILLER_21_155,VPWR,li1,77.5100,68.0000,1.800000
FILLER_21_152,VPWR,li1,76.1300,68.0000,1.800000
FILLER_21_149,VPWR,li1,74.7500,68.0000,1.800000
FILLER_21_146,VPWR,li1,73.3700,68.0000,1.800000
FILLER_21_143,VPWR,li1,71.9900,68.0000,1.800000
FILLER_21_140,VPWR,li1,70.6100,68.0000,1.800000
FILLER_21_137,VPWR,li1,69.2300,68.0000,1.800000
FILLER_21_134,VPWR,li1,67.8500,68.0000,1.800000
FILLER_21_131,VPWR,li1,66.4700,68.0000,1.800000
FILLER_21_128,VPWR,li1,65.0900,68.0000,1.800000
FILLER_21_125,VPWR,li1,63.7100,68.0000,1.800000
FILLER_21_122,VPWR,li1,62.3300,68.0000,1.800000
FILLER_21_119,VPWR,li1,60.9500,68.0000,1.800000
FILLER_21_116,VPWR,li1,59.5700,68.0000,1.800000
FILLER_21_113,VPWR,li1,58.1900,68.0000,1.800000
FILLER_21_111,VPWR,li1,56.8100,68.0000,1.800000
FILLER_21_108,VPWR,li1,55.8900,68.0000,1.800000
FILLER_21_105,VPWR,li1,54.5100,68.0000,1.800000
FILLER_21_102,VPWR,li1,53.1300,68.0000,1.800000
FILLER_21_99,VPWR,li1,51.7500,68.0000,1.800000
FILLER_21_96,VPWR,li1,50.3700,68.0000,1.800000
FILLER_21_93,VPWR,li1,48.9900,68.0000,1.800000
FILLER_21_90,VPWR,li1,47.6100,68.0000,1.800000
FILLER_21_87,VPWR,li1,46.2300,68.0000,1.800000
FILLER_21_84,VPWR,li1,44.8500,68.0000,1.800000
FILLER_21_81,VPWR,li1,43.4700,68.0000,1.800000
FILLER_21_78,VPWR,li1,42.0900,68.0000,1.800000
FILLER_21_75,VPWR,li1,40.7100,68.0000,1.800000
FILLER_21_72,VPWR,li1,39.3300,68.0000,1.800000
FILLER_21_69,VPWR,li1,37.9500,68.0000,1.800000
FILLER_21_66,VPWR,li1,36.5700,68.0000,1.800000
FILLER_21_63,VPWR,li1,35.1900,68.0000,1.800000
FILLER_21_60,VPWR,li1,33.8100,68.0000,1.800000
FILLER_21_57,VPWR,li1,32.4300,68.0000,1.800000
FILLER_21_54,VPWR,li1,30.8200,68.0000,1.800000
FILLER_21_51,VPWR,li1,29.6700,68.0000,1.800000
FILLER_21_48,VPWR,li1,28.2900,68.0000,1.800000
FILLER_21_45,VPWR,li1,26.9100,68.0000,1.800000
FILLER_21_42,VPWR,li1,25.5300,68.0000,1.800000
FILLER_21_39,VPWR,li1,24.1500,68.0000,1.800000
FILLER_21_36,VPWR,li1,22.7700,68.0000,1.800000
FILLER_21_33,VPWR,li1,21.3900,68.0000,1.800000
FILLER_21_30,VPWR,li1,20.0100,68.0000,1.800000
FILLER_21_27,VPWR,li1,18.6300,68.0000,1.800000
FILLER_21_24,VPWR,li1,17.2500,68.0000,1.800000
FILLER_21_21,VPWR,li1,15.8700,68.0000,1.800000
FILLER_21_18,VPWR,li1,14.4900,68.0000,1.800000
FILLER_21_15,VPWR,li1,13.1100,68.0000,1.800000
FILLER_21_12,VPWR,li1,11.7300,68.0000,1.800000
FILLER_21_9,VPWR,li1,10.3500,68.0000,1.800000
FILLER_21_6,VPWR,li1,8.9700,68.0000,1.800000
FILLER_21_3,VPWR,li1,7.5900,68.0000,1.800000
FILLER_20_189,VPWR,li1,92.6900,68.0000,1.800000
FILLER_20_186,VPWR,li1,91.7700,68.0000,1.800000
FILLER_20_183,VPWR,li1,90.3900,68.0000,1.800000
FILLER_20_180,VPWR,li1,89.0100,68.0000,1.800000
FILLER_20_177,VPWR,li1,87.6300,68.0000,1.800000
FILLER_20_174,VPWR,li1,86.2500,68.0000,1.800000
FILLER_20_171,VPWR,li1,84.8700,68.0000,1.800000
FILLER_20_168,VPWR,li1,83.4900,68.0000,1.800000
FILLER_20_165,VPWR,li1,82.1100,68.0000,1.800000
FILLER_20_162,VPWR,li1,80.7300,68.0000,1.800000
FILLER_20_159,VPWR,li1,79.3500,68.0000,1.800000
FILLER_20_156,VPWR,li1,77.9700,68.0000,1.800000
FILLER_20_153,VPWR,li1,76.5900,68.0000,1.800000
FILLER_20_150,VPWR,li1,75.2100,68.0000,1.800000
FILLER_20_147,VPWR,li1,73.8300,68.0000,1.800000
FILLER_20_144,VPWR,li1,72.4500,68.0000,1.800000
FILLER_20_141,VPWR,li1,71.0700,68.0000,1.800000
FILLER_20_139,VPWR,li1,69.6900,68.0000,1.800000
FILLER_20_136,VPWR,li1,68.7700,68.0000,1.800000
FILLER_20_133,VPWR,li1,67.3900,68.0000,1.800000
FILLER_20_130,VPWR,li1,66.0100,68.0000,1.800000
FILLER_20_127,VPWR,li1,64.6300,68.0000,1.800000
FILLER_20_124,VPWR,li1,63.2500,68.0000,1.800000
FILLER_20_121,VPWR,li1,61.8700,68.0000,1.800000
FILLER_20_118,VPWR,li1,60.4900,68.0000,1.800000
FILLER_20_115,VPWR,li1,59.1100,68.0000,1.800000
FILLER_20_112,VPWR,li1,57.7300,68.0000,1.800000
FILLER_20_109,VPWR,li1,56.3500,68.0000,1.800000
FILLER_20_106,VPWR,li1,54.9700,68.0000,1.800000
FILLER_20_103,VPWR,li1,53.5900,68.0000,1.800000
FILLER_20_100,VPWR,li1,52.2100,68.0000,1.800000
FILLER_20_97,VPWR,li1,50.8300,68.0000,1.800000
FILLER_20_94,VPWR,li1,49.4500,68.0000,1.800000
FILLER_20_91,VPWR,li1,48.0700,68.0000,1.800000
FILLER_20_88,VPWR,li1,46.6900,68.0000,1.800000
FILLER_20_85,VPWR,li1,45.3100,68.0000,1.800000
FILLER_20_83,VPWR,li1,43.9300,68.0000,1.800000
FILLER_20_80,VPWR,li1,43.0100,68.0000,1.800000
FILLER_20_77,VPWR,li1,41.6300,68.0000,1.800000
FILLER_20_74,VPWR,li1,40.2500,68.0000,1.800000
FILLER_20_71,VPWR,li1,38.8700,68.0000,1.800000
FILLER_20_68,VPWR,li1,37.4900,68.0000,1.800000
FILLER_20_65,VPWR,li1,36.1100,68.0000,1.800000
FILLER_20_62,VPWR,li1,34.7300,68.0000,1.800000
FILLER_20_59,VPWR,li1,33.3500,68.0000,1.800000
FILLER_20_56,VPWR,li1,31.9700,68.0000,1.800000
FILLER_20_53,VPWR,li1,30.5900,68.0000,1.800000
FILLER_20_50,VPWR,li1,29.2100,68.0000,1.800000
FILLER_20_47,VPWR,li1,27.8300,68.0000,1.800000
FILLER_20_44,VPWR,li1,26.4500,68.0000,1.800000
FILLER_20_41,VPWR,li1,25.0700,68.0000,1.800000
FILLER_20_38,VPWR,li1,23.6900,68.0000,1.800000
FILLER_20_35,VPWR,li1,22.3100,68.0000,1.800000
FILLER_20_32,VPWR,li1,20.9300,68.0000,1.800000
FILLER_20_29,VPWR,li1,19.5500,68.0000,1.800000
FILLER_20_27,VPWR,li1,18.1700,68.0000,1.800000
FILLER_20_24,VPWR,li1,17.2500,68.0000,1.800000
FILLER_20_21,VPWR,li1,15.8700,68.0000,1.800000
FILLER_20_18,VPWR,li1,14.4900,68.0000,1.800000
FILLER_20_15,VPWR,li1,13.1100,68.0000,1.800000
FILLER_20_12,VPWR,li1,11.7300,68.0000,1.800000
FILLER_20_9,VPWR,li1,10.3500,68.0000,1.800000
FILLER_20_6,VPWR,li1,8.9700,68.0000,1.800000
FILLER_20_3,VPWR,li1,7.5900,68.0000,1.800000
FILLER_19_187,VPWR,li1,92.2300,62.5600,1.800000
FILLER_19_184,VPWR,li1,90.8500,62.5600,1.800000
FILLER_19_181,VPWR,li1,89.4700,62.5600,1.800000
FILLER_19_178,VPWR,li1,88.0900,62.5600,1.800000
FILLER_19_175,VPWR,li1,86.7100,62.5600,1.800000
FILLER_19_172,VPWR,li1,85.3300,62.5600,1.800000
FILLER_19_169,VPWR,li1,83.9500,62.5600,1.800000
FILLER_19_167,VPWR,li1,82.5700,62.5600,1.800000
FILLER_19_164,VPWR,li1,81.6500,62.5600,1.800000
FILLER_19_161,VPWR,li1,80.2700,62.5600,1.800000
FILLER_19_158,VPWR,li1,78.8900,62.5600,1.800000
FILLER_19_155,VPWR,li1,77.5100,62.5600,1.800000
FILLER_19_152,VPWR,li1,76.1300,62.5600,1.800000
FILLER_19_149,VPWR,li1,74.7500,62.5600,1.800000
FILLER_19_146,VPWR,li1,73.3700,62.5600,1.800000
FILLER_19_143,VPWR,li1,71.9900,62.5600,1.800000
FILLER_19_140,VPWR,li1,70.6100,62.5600,1.800000
FILLER_19_137,VPWR,li1,69.2300,62.5600,1.800000
FILLER_19_134,VPWR,li1,67.8500,62.5600,1.800000
FILLER_19_131,VPWR,li1,66.4700,62.5600,1.800000
FILLER_19_128,VPWR,li1,65.0900,62.5600,1.800000
FILLER_19_125,VPWR,li1,63.7100,62.5600,1.800000
FILLER_19_122,VPWR,li1,62.3300,62.5600,1.800000
FILLER_19_119,VPWR,li1,60.9500,62.5600,1.800000
FILLER_19_116,VPWR,li1,59.5700,62.5600,1.800000
FILLER_19_113,VPWR,li1,58.1900,62.5600,1.800000
FILLER_19_111,VPWR,li1,56.8100,62.5600,1.800000
FILLER_19_108,VPWR,li1,55.8900,62.5600,1.800000
FILLER_19_105,VPWR,li1,54.5100,62.5600,1.800000
FILLER_19_102,VPWR,li1,53.1300,62.5600,1.800000
FILLER_19_99,VPWR,li1,51.7500,62.5600,1.800000
FILLER_19_96,VPWR,li1,50.3700,62.5600,1.800000
FILLER_19_93,VPWR,li1,48.9900,62.5600,1.800000
FILLER_19_90,VPWR,li1,47.6100,62.5600,1.800000
FILLER_19_87,VPWR,li1,46.2300,62.5600,1.800000
FILLER_19_84,VPWR,li1,44.8500,62.5600,1.800000
FILLER_19_81,VPWR,li1,43.4700,62.5600,1.800000
FILLER_19_78,VPWR,li1,42.0900,62.5600,1.800000
FILLER_19_75,VPWR,li1,40.7100,62.5600,1.800000
FILLER_19_72,VPWR,li1,39.3300,62.5600,1.800000
FILLER_19_69,VPWR,li1,37.9500,62.5600,1.800000
FILLER_19_66,VPWR,li1,36.5700,62.5600,1.800000
FILLER_19_63,VPWR,li1,35.1900,62.5600,1.800000
FILLER_19_60,VPWR,li1,33.8100,62.5600,1.800000
FILLER_19_57,VPWR,li1,32.4300,62.5600,1.800000
FILLER_19_54,VPWR,li1,30.8200,62.5600,1.800000
FILLER_19_51,VPWR,li1,29.6700,62.5600,1.800000
FILLER_19_48,VPWR,li1,28.2900,62.5600,1.800000
FILLER_19_45,VPWR,li1,26.9100,62.5600,1.800000
FILLER_19_42,VPWR,li1,25.5300,62.5600,1.800000
FILLER_19_39,VPWR,li1,24.1500,62.5600,1.800000
FILLER_19_36,VPWR,li1,22.7700,62.5600,1.800000
FILLER_19_33,VPWR,li1,21.3900,62.5600,1.800000
FILLER_19_30,VPWR,li1,20.0100,62.5600,1.800000
FILLER_19_27,VPWR,li1,18.6300,62.5600,1.800000
FILLER_19_24,VPWR,li1,17.2500,62.5600,1.800000
FILLER_19_21,VPWR,li1,15.8700,62.5600,1.800000
FILLER_19_18,VPWR,li1,14.4900,62.5600,1.800000
FILLER_19_15,VPWR,li1,13.1100,62.5600,1.800000
FILLER_19_12,VPWR,li1,11.7300,62.5600,1.800000
FILLER_19_9,VPWR,li1,10.3500,62.5600,1.800000
FILLER_19_6,VPWR,li1,8.9700,62.5600,1.800000
FILLER_19_3,VPWR,li1,7.5900,62.5600,1.800000
FILLER_18_189,VPWR,li1,92.6900,62.5600,1.800000
FILLER_18_186,VPWR,li1,91.7700,62.5600,1.800000
FILLER_18_183,VPWR,li1,90.3900,62.5600,1.800000
FILLER_18_180,VPWR,li1,89.0100,62.5600,1.800000
FILLER_18_177,VPWR,li1,87.6300,62.5600,1.800000
FILLER_18_174,VPWR,li1,86.2500,62.5600,1.800000
FILLER_18_171,VPWR,li1,84.8700,62.5600,1.800000
FILLER_18_168,VPWR,li1,83.4900,62.5600,1.800000
FILLER_18_165,VPWR,li1,82.1100,62.5600,1.800000
FILLER_18_162,VPWR,li1,80.7300,62.5600,1.800000
FILLER_18_159,VPWR,li1,79.3500,62.5600,1.800000
FILLER_18_156,VPWR,li1,77.9700,62.5600,1.800000
FILLER_18_153,VPWR,li1,76.5900,62.5600,1.800000
FILLER_18_150,VPWR,li1,75.2100,62.5600,1.800000
FILLER_18_147,VPWR,li1,73.8300,62.5600,1.800000
FILLER_18_144,VPWR,li1,72.4500,62.5600,1.800000
FILLER_18_141,VPWR,li1,71.0700,62.5600,1.800000
FILLER_18_139,VPWR,li1,69.6900,62.5600,1.800000
FILLER_18_136,VPWR,li1,68.7700,62.5600,1.800000
FILLER_18_133,VPWR,li1,67.3900,62.5600,1.800000
FILLER_18_130,VPWR,li1,66.0100,62.5600,1.800000
FILLER_18_127,VPWR,li1,64.6300,62.5600,1.800000
FILLER_18_124,VPWR,li1,63.2500,62.5600,1.800000
FILLER_18_121,VPWR,li1,61.8700,62.5600,1.800000
FILLER_18_118,VPWR,li1,60.4900,62.5600,1.800000
FILLER_18_115,VPWR,li1,59.1100,62.5600,1.800000
FILLER_18_112,VPWR,li1,57.7300,62.5600,1.800000
FILLER_18_109,VPWR,li1,56.3500,62.5600,1.800000
FILLER_18_106,VPWR,li1,54.9700,62.5600,1.800000
FILLER_18_103,VPWR,li1,53.5900,62.5600,1.800000
FILLER_18_100,VPWR,li1,52.2100,62.5600,1.800000
FILLER_18_97,VPWR,li1,50.8300,62.5600,1.800000
FILLER_18_94,VPWR,li1,49.4500,62.5600,1.800000
FILLER_18_91,VPWR,li1,48.0700,62.5600,1.800000
FILLER_18_88,VPWR,li1,46.6900,62.5600,1.800000
FILLER_18_85,VPWR,li1,45.3100,62.5600,1.800000
FILLER_18_83,VPWR,li1,43.9300,62.5600,1.800000
FILLER_18_80,VPWR,li1,43.0100,62.5600,1.800000
FILLER_18_77,VPWR,li1,41.6300,62.5600,1.800000
FILLER_18_74,VPWR,li1,40.2500,62.5600,1.800000
FILLER_18_71,VPWR,li1,38.8700,62.5600,1.800000
FILLER_18_68,VPWR,li1,37.4900,62.5600,1.800000
FILLER_18_65,VPWR,li1,36.1100,62.5600,1.800000
FILLER_18_62,VPWR,li1,34.7300,62.5600,1.800000
FILLER_18_59,VPWR,li1,33.3500,62.5600,1.800000
FILLER_18_56,VPWR,li1,31.9700,62.5600,1.800000
FILLER_18_53,VPWR,li1,30.5900,62.5600,1.800000
FILLER_18_50,VPWR,li1,29.2100,62.5600,1.800000
FILLER_18_47,VPWR,li1,27.8300,62.5600,1.800000
FILLER_18_44,VPWR,li1,26.4500,62.5600,1.800000
FILLER_18_41,VPWR,li1,25.0700,62.5600,1.800000
FILLER_18_38,VPWR,li1,23.6900,62.5600,1.800000
FILLER_18_35,VPWR,li1,22.3100,62.5600,1.800000
FILLER_18_32,VPWR,li1,20.9300,62.5600,1.800000
FILLER_18_29,VPWR,li1,19.5500,62.5600,1.800000
FILLER_18_27,VPWR,li1,18.1700,62.5600,1.800000
FILLER_18_24,VPWR,li1,17.2500,62.5600,1.800000
FILLER_18_21,VPWR,li1,15.8700,62.5600,1.800000
FILLER_18_18,VPWR,li1,14.4900,62.5600,1.800000
FILLER_18_15,VPWR,li1,13.1100,62.5600,1.800000
FILLER_18_12,VPWR,li1,11.7300,62.5600,1.800000
FILLER_18_9,VPWR,li1,10.3500,62.5600,1.800000
FILLER_18_6,VPWR,li1,8.9700,62.5600,1.800000
FILLER_18_3,VPWR,li1,7.5900,62.5600,1.800000
FILLER_17_187,VPWR,li1,92.2300,57.1200,1.800000
FILLER_17_184,VPWR,li1,90.8500,57.1200,1.800000
FILLER_17_181,VPWR,li1,89.4700,57.1200,1.800000
FILLER_17_178,VPWR,li1,88.0900,57.1200,1.800000
FILLER_17_175,VPWR,li1,86.7100,57.1200,1.800000
FILLER_17_172,VPWR,li1,85.3300,57.1200,1.800000
FILLER_17_169,VPWR,li1,83.9500,57.1200,1.800000
FILLER_17_167,VPWR,li1,82.5700,57.1200,1.800000
FILLER_17_164,VPWR,li1,81.6500,57.1200,1.800000
FILLER_17_161,VPWR,li1,80.2700,57.1200,1.800000
FILLER_17_158,VPWR,li1,78.8900,57.1200,1.800000
FILLER_17_155,VPWR,li1,77.5100,57.1200,1.800000
FILLER_17_152,VPWR,li1,76.1300,57.1200,1.800000
FILLER_17_149,VPWR,li1,74.7500,57.1200,1.800000
FILLER_17_146,VPWR,li1,73.3700,57.1200,1.800000
FILLER_17_143,VPWR,li1,71.9900,57.1200,1.800000
FILLER_17_140,VPWR,li1,70.6100,57.1200,1.800000
FILLER_17_137,VPWR,li1,69.2300,57.1200,1.800000
FILLER_17_134,VPWR,li1,67.8500,57.1200,1.800000
FILLER_17_131,VPWR,li1,66.4700,57.1200,1.800000
FILLER_17_128,VPWR,li1,65.0900,57.1200,1.800000
FILLER_17_125,VPWR,li1,63.7100,57.1200,1.800000
FILLER_17_122,VPWR,li1,62.3300,57.1200,1.800000
FILLER_17_119,VPWR,li1,60.9500,57.1200,1.800000
FILLER_17_116,VPWR,li1,59.5700,57.1200,1.800000
FILLER_17_113,VPWR,li1,58.1900,57.1200,1.800000
FILLER_17_111,VPWR,li1,56.8100,57.1200,1.800000
FILLER_17_108,VPWR,li1,55.8900,57.1200,1.800000
FILLER_17_105,VPWR,li1,54.5100,57.1200,1.800000
FILLER_17_102,VPWR,li1,53.1300,57.1200,1.800000
FILLER_17_99,VPWR,li1,51.7500,57.1200,1.800000
FILLER_17_96,VPWR,li1,50.3700,57.1200,1.800000
FILLER_17_93,VPWR,li1,48.9900,57.1200,1.800000
FILLER_17_90,VPWR,li1,47.6100,57.1200,1.800000
FILLER_17_87,VPWR,li1,46.2300,57.1200,1.800000
FILLER_17_84,VPWR,li1,44.8500,57.1200,1.800000
FILLER_17_81,VPWR,li1,43.4700,57.1200,1.800000
FILLER_17_78,VPWR,li1,42.0900,57.1200,1.800000
FILLER_17_75,VPWR,li1,40.7100,57.1200,1.800000
FILLER_17_72,VPWR,li1,39.3300,57.1200,1.800000
FILLER_17_69,VPWR,li1,37.9500,57.1200,1.800000
FILLER_17_66,VPWR,li1,36.5700,57.1200,1.800000
FILLER_17_63,VPWR,li1,35.1900,57.1200,1.800000
FILLER_17_60,VPWR,li1,33.8100,57.1200,1.800000
FILLER_17_57,VPWR,li1,32.4300,57.1200,1.800000
FILLER_17_54,VPWR,li1,30.8200,57.1200,1.800000
FILLER_17_51,VPWR,li1,29.6700,57.1200,1.800000
FILLER_17_48,VPWR,li1,28.2900,57.1200,1.800000
FILLER_17_45,VPWR,li1,26.9100,57.1200,1.800000
FILLER_17_42,VPWR,li1,25.5300,57.1200,1.800000
FILLER_17_39,VPWR,li1,24.1500,57.1200,1.800000
FILLER_17_36,VPWR,li1,22.7700,57.1200,1.800000
FILLER_17_33,VPWR,li1,21.3900,57.1200,1.800000
FILLER_17_30,VPWR,li1,20.0100,57.1200,1.800000
FILLER_17_27,VPWR,li1,18.6300,57.1200,1.800000
FILLER_17_24,VPWR,li1,17.2500,57.1200,1.800000
FILLER_17_21,VPWR,li1,15.8700,57.1200,1.800000
FILLER_17_18,VPWR,li1,14.4900,57.1200,1.800000
FILLER_17_15,VPWR,li1,13.1100,57.1200,1.800000
FILLER_17_12,VPWR,li1,11.7300,57.1200,1.800000
FILLER_17_9,VPWR,li1,10.3500,57.1200,1.800000
FILLER_17_6,VPWR,li1,8.9700,57.1200,1.800000
FILLER_17_3,VPWR,li1,7.5900,57.1200,1.800000
FILLER_16_189,VPWR,li1,92.6900,57.1200,1.800000
FILLER_16_186,VPWR,li1,91.7700,57.1200,1.800000
FILLER_16_183,VPWR,li1,90.3900,57.1200,1.800000
FILLER_16_180,VPWR,li1,89.0100,57.1200,1.800000
FILLER_16_177,VPWR,li1,87.6300,57.1200,1.800000
FILLER_16_174,VPWR,li1,86.2500,57.1200,1.800000
FILLER_16_171,VPWR,li1,84.8700,57.1200,1.800000
FILLER_16_168,VPWR,li1,83.4900,57.1200,1.800000
FILLER_16_165,VPWR,li1,82.1100,57.1200,1.800000
FILLER_16_162,VPWR,li1,80.7300,57.1200,1.800000
FILLER_16_159,VPWR,li1,79.3500,57.1200,1.800000
FILLER_16_156,VPWR,li1,77.9700,57.1200,1.800000
FILLER_16_153,VPWR,li1,76.5900,57.1200,1.800000
FILLER_16_150,VPWR,li1,75.2100,57.1200,1.800000
FILLER_16_147,VPWR,li1,73.8300,57.1200,1.800000
FILLER_16_144,VPWR,li1,72.4500,57.1200,1.800000
FILLER_16_141,VPWR,li1,71.0700,57.1200,1.800000
FILLER_16_139,VPWR,li1,69.6900,57.1200,1.800000
FILLER_16_136,VPWR,li1,68.7700,57.1200,1.800000
FILLER_16_133,VPWR,li1,67.3900,57.1200,1.800000
FILLER_16_130,VPWR,li1,66.0100,57.1200,1.800000
FILLER_16_127,VPWR,li1,64.6300,57.1200,1.800000
FILLER_16_124,VPWR,li1,63.2500,57.1200,1.800000
FILLER_16_121,VPWR,li1,61.8700,57.1200,1.800000
FILLER_16_118,VPWR,li1,60.4900,57.1200,1.800000
FILLER_16_115,VPWR,li1,59.1100,57.1200,1.800000
FILLER_16_112,VPWR,li1,57.7300,57.1200,1.800000
FILLER_16_109,VPWR,li1,56.3500,57.1200,1.800000
FILLER_16_106,VPWR,li1,54.9700,57.1200,1.800000
FILLER_16_103,VPWR,li1,53.5900,57.1200,1.800000
FILLER_16_100,VPWR,li1,52.2100,57.1200,1.800000
FILLER_16_97,VPWR,li1,50.8300,57.1200,1.800000
FILLER_16_94,VPWR,li1,49.4500,57.1200,1.800000
FILLER_16_91,VPWR,li1,48.0700,57.1200,1.800000
FILLER_16_88,VPWR,li1,46.6900,57.1200,1.800000
FILLER_16_85,VPWR,li1,45.3100,57.1200,1.800000
FILLER_16_83,VPWR,li1,43.9300,57.1200,1.800000
FILLER_16_80,VPWR,li1,43.0100,57.1200,1.800000
FILLER_16_77,VPWR,li1,41.6300,57.1200,1.800000
FILLER_16_74,VPWR,li1,40.2500,57.1200,1.800000
FILLER_16_71,VPWR,li1,38.8700,57.1200,1.800000
FILLER_16_68,VPWR,li1,37.4900,57.1200,1.800000
FILLER_16_65,VPWR,li1,36.1100,57.1200,1.800000
FILLER_16_62,VPWR,li1,34.7300,57.1200,1.800000
FILLER_16_59,VPWR,li1,33.3500,57.1200,1.800000
FILLER_16_56,VPWR,li1,31.9700,57.1200,1.800000
FILLER_16_53,VPWR,li1,30.5900,57.1200,1.800000
FILLER_16_50,VPWR,li1,29.2100,57.1200,1.800000
FILLER_16_47,VPWR,li1,27.8300,57.1200,1.800000
FILLER_16_44,VPWR,li1,26.4500,57.1200,1.800000
FILLER_16_41,VPWR,li1,25.0700,57.1200,1.800000
FILLER_16_38,VPWR,li1,23.6900,57.1200,1.800000
FILLER_16_35,VPWR,li1,22.3100,57.1200,1.800000
FILLER_16_32,VPWR,li1,20.9300,57.1200,1.800000
FILLER_16_29,VPWR,li1,19.5500,57.1200,1.800000
FILLER_16_27,VPWR,li1,18.1700,57.1200,1.800000
FILLER_16_24,VPWR,li1,17.2500,57.1200,1.800000
FILLER_16_21,VPWR,li1,15.8700,57.1200,1.800000
FILLER_16_18,VPWR,li1,14.4900,57.1200,1.800000
FILLER_16_15,VPWR,li1,13.1100,57.1200,1.800000
FILLER_16_12,VPWR,li1,11.7300,57.1200,1.800000
FILLER_16_9,VPWR,li1,10.3500,57.1200,1.800000
FILLER_16_6,VPWR,li1,8.9700,57.1200,1.800000
FILLER_16_3,VPWR,li1,7.5900,57.1200,1.800000
FILLER_15_187,VPWR,li1,92.2300,51.6800,1.800000
FILLER_15_184,VPWR,li1,90.8500,51.6800,1.800000
FILLER_15_181,VPWR,li1,89.4700,51.6800,1.800000
FILLER_15_178,VPWR,li1,88.0900,51.6800,1.800000
FILLER_15_175,VPWR,li1,86.7100,51.6800,1.800000
FILLER_15_172,VPWR,li1,85.3300,51.6800,1.800000
FILLER_15_169,VPWR,li1,83.9500,51.6800,1.800000
FILLER_15_167,VPWR,li1,82.5700,51.6800,1.800000
FILLER_15_164,VPWR,li1,81.6500,51.6800,1.800000
FILLER_15_161,VPWR,li1,80.2700,51.6800,1.800000
FILLER_15_158,VPWR,li1,78.8900,51.6800,1.800000
FILLER_15_155,VPWR,li1,77.5100,51.6800,1.800000
FILLER_15_152,VPWR,li1,76.1300,51.6800,1.800000
FILLER_15_149,VPWR,li1,74.7500,51.6800,1.800000
FILLER_15_146,VPWR,li1,73.3700,51.6800,1.800000
FILLER_15_143,VPWR,li1,71.9900,51.6800,1.800000
FILLER_15_140,VPWR,li1,70.6100,51.6800,1.800000
FILLER_15_137,VPWR,li1,69.2300,51.6800,1.800000
FILLER_15_134,VPWR,li1,67.8500,51.6800,1.800000
FILLER_15_131,VPWR,li1,66.4700,51.6800,1.800000
FILLER_15_128,VPWR,li1,65.0900,51.6800,1.800000
FILLER_15_125,VPWR,li1,63.7100,51.6800,1.800000
FILLER_15_122,VPWR,li1,62.3300,51.6800,1.800000
FILLER_15_119,VPWR,li1,60.9500,51.6800,1.800000
FILLER_15_116,VPWR,li1,59.5700,51.6800,1.800000
FILLER_15_113,VPWR,li1,58.1900,51.6800,1.800000
FILLER_15_111,VPWR,li1,56.8100,51.6800,1.800000
FILLER_15_108,VPWR,li1,55.8900,51.6800,1.800000
FILLER_15_105,VPWR,li1,54.5100,51.6800,1.800000
FILLER_15_102,VPWR,li1,53.1300,51.6800,1.800000
FILLER_15_99,VPWR,li1,51.7500,51.6800,1.800000
FILLER_15_96,VPWR,li1,50.3700,51.6800,1.800000
FILLER_15_93,VPWR,li1,48.9900,51.6800,1.800000
FILLER_15_90,VPWR,li1,47.6100,51.6800,1.800000
FILLER_15_87,VPWR,li1,46.2300,51.6800,1.800000
FILLER_15_84,VPWR,li1,44.8500,51.6800,1.800000
FILLER_15_81,VPWR,li1,43.4700,51.6800,1.800000
FILLER_15_78,VPWR,li1,42.0900,51.6800,1.800000
FILLER_15_75,VPWR,li1,40.7100,51.6800,1.800000
FILLER_15_72,VPWR,li1,39.3300,51.6800,1.800000
FILLER_15_69,VPWR,li1,37.9500,51.6800,1.800000
FILLER_15_66,VPWR,li1,36.5700,51.6800,1.800000
FILLER_15_63,VPWR,li1,35.1900,51.6800,1.800000
FILLER_15_60,VPWR,li1,33.8100,51.6800,1.800000
FILLER_15_57,VPWR,li1,32.4300,51.6800,1.800000
FILLER_15_54,VPWR,li1,30.8200,51.6800,1.800000
FILLER_15_51,VPWR,li1,29.6700,51.6800,1.800000
FILLER_15_48,VPWR,li1,28.2900,51.6800,1.800000
FILLER_15_45,VPWR,li1,26.9100,51.6800,1.800000
FILLER_15_42,VPWR,li1,25.5300,51.6800,1.800000
FILLER_15_39,VPWR,li1,24.1500,51.6800,1.800000
FILLER_15_36,VPWR,li1,22.7700,51.6800,1.800000
FILLER_15_33,VPWR,li1,21.3900,51.6800,1.800000
FILLER_15_30,VPWR,li1,20.0100,51.6800,1.800000
FILLER_15_27,VPWR,li1,18.6300,51.6800,1.800000
FILLER_15_24,VPWR,li1,17.2500,51.6800,1.800000
FILLER_15_21,VPWR,li1,15.8700,51.6800,1.800000
FILLER_15_18,VPWR,li1,14.4900,51.6800,1.800000
FILLER_15_15,VPWR,li1,13.1100,51.6800,1.800000
FILLER_15_12,VPWR,li1,11.7300,51.6800,1.800000
FILLER_15_9,VPWR,li1,10.3500,51.6800,1.800000
FILLER_15_6,VPWR,li1,8.9700,51.6800,1.800000
FILLER_15_3,VPWR,li1,7.5900,51.6800,1.800000
FILLER_14_189,VPWR,li1,92.6900,51.6800,1.800000
FILLER_14_186,VPWR,li1,91.7700,51.6800,1.800000
FILLER_14_183,VPWR,li1,90.3900,51.6800,1.800000
FILLER_14_180,VPWR,li1,89.0100,51.6800,1.800000
FILLER_14_177,VPWR,li1,87.6300,51.6800,1.800000
FILLER_14_174,VPWR,li1,86.2500,51.6800,1.800000
FILLER_14_171,VPWR,li1,84.8700,51.6800,1.800000
FILLER_14_168,VPWR,li1,83.4900,51.6800,1.800000
FILLER_14_165,VPWR,li1,82.1100,51.6800,1.800000
FILLER_14_162,VPWR,li1,80.7300,51.6800,1.800000
FILLER_14_159,VPWR,li1,79.3500,51.6800,1.800000
FILLER_14_156,VPWR,li1,77.9700,51.6800,1.800000
FILLER_14_153,VPWR,li1,76.5900,51.6800,1.800000
FILLER_14_150,VPWR,li1,75.2100,51.6800,1.800000
FILLER_14_147,VPWR,li1,73.8300,51.6800,1.800000
FILLER_14_144,VPWR,li1,72.4500,51.6800,1.800000
FILLER_14_141,VPWR,li1,71.0700,51.6800,1.800000
FILLER_14_139,VPWR,li1,69.6900,51.6800,1.800000
FILLER_14_136,VPWR,li1,68.7700,51.6800,1.800000
FILLER_14_133,VPWR,li1,67.3900,51.6800,1.800000
FILLER_14_130,VPWR,li1,66.0100,51.6800,1.800000
FILLER_14_127,VPWR,li1,64.6300,51.6800,1.800000
FILLER_14_124,VPWR,li1,63.2500,51.6800,1.800000
FILLER_14_121,VPWR,li1,61.8700,51.6800,1.800000
FILLER_14_118,VPWR,li1,60.4900,51.6800,1.800000
FILLER_14_115,VPWR,li1,59.1100,51.6800,1.800000
FILLER_14_112,VPWR,li1,57.7300,51.6800,1.800000
FILLER_14_109,VPWR,li1,56.3500,51.6800,1.800000
FILLER_14_106,VPWR,li1,54.9700,51.6800,1.800000
FILLER_14_103,VPWR,li1,53.5900,51.6800,1.800000
FILLER_14_100,VPWR,li1,52.2100,51.6800,1.800000
FILLER_14_97,VPWR,li1,50.8300,51.6800,1.800000
FILLER_14_94,VPWR,li1,49.4500,51.6800,1.800000
FILLER_14_91,VPWR,li1,48.0700,51.6800,1.800000
FILLER_14_88,VPWR,li1,46.6900,51.6800,1.800000
FILLER_14_85,VPWR,li1,45.3100,51.6800,1.800000
FILLER_14_83,VPWR,li1,43.9300,51.6800,1.800000
FILLER_14_80,VPWR,li1,43.0100,51.6800,1.800000
FILLER_14_77,VPWR,li1,41.6300,51.6800,1.800000
FILLER_14_74,VPWR,li1,40.2500,51.6800,1.800000
FILLER_14_71,VPWR,li1,38.8700,51.6800,1.800000
FILLER_14_68,VPWR,li1,37.4900,51.6800,1.800000
FILLER_14_65,VPWR,li1,36.1100,51.6800,1.800000
FILLER_14_62,VPWR,li1,34.7300,51.6800,1.800000
FILLER_14_59,VPWR,li1,33.3500,51.6800,1.800000
FILLER_14_56,VPWR,li1,31.9700,51.6800,1.800000
FILLER_14_53,VPWR,li1,30.5900,51.6800,1.800000
FILLER_14_50,VPWR,li1,29.2100,51.6800,1.800000
FILLER_14_47,VPWR,li1,27.8300,51.6800,1.800000
FILLER_14_44,VPWR,li1,26.4500,51.6800,1.800000
FILLER_14_41,VPWR,li1,25.0700,51.6800,1.800000
FILLER_14_38,VPWR,li1,23.6900,51.6800,1.800000
FILLER_14_35,VPWR,li1,22.3100,51.6800,1.800000
FILLER_14_32,VPWR,li1,20.9300,51.6800,1.800000
FILLER_14_29,VPWR,li1,19.5500,51.6800,1.800000
FILLER_14_27,VPWR,li1,18.1700,51.6800,1.800000
FILLER_14_24,VPWR,li1,17.2500,51.6800,1.800000
FILLER_14_21,VPWR,li1,15.8700,51.6800,1.800000
FILLER_14_18,VPWR,li1,14.4900,51.6800,1.800000
FILLER_14_15,VPWR,li1,13.1100,51.6800,1.800000
FILLER_14_12,VPWR,li1,11.7300,51.6800,1.800000
FILLER_14_9,VPWR,li1,10.3500,51.6800,1.800000
FILLER_14_6,VPWR,li1,8.9700,51.6800,1.800000
FILLER_14_3,VPWR,li1,7.5900,51.6800,1.800000
FILLER_13_187,VPWR,li1,92.2300,46.2400,1.800000
FILLER_13_184,VPWR,li1,90.8500,46.2400,1.800000
FILLER_13_181,VPWR,li1,89.4700,46.2400,1.800000
FILLER_13_178,VPWR,li1,88.0900,46.2400,1.800000
FILLER_13_175,VPWR,li1,86.7100,46.2400,1.800000
FILLER_13_172,VPWR,li1,85.3300,46.2400,1.800000
FILLER_13_169,VPWR,li1,83.9500,46.2400,1.800000
FILLER_13_167,VPWR,li1,82.5700,46.2400,1.800000
FILLER_13_164,VPWR,li1,81.6500,46.2400,1.800000
FILLER_13_161,VPWR,li1,80.2700,46.2400,1.800000
FILLER_13_158,VPWR,li1,78.8900,46.2400,1.800000
FILLER_13_155,VPWR,li1,77.5100,46.2400,1.800000
FILLER_13_152,VPWR,li1,76.1300,46.2400,1.800000
FILLER_13_149,VPWR,li1,74.7500,46.2400,1.800000
FILLER_13_146,VPWR,li1,73.3700,46.2400,1.800000
FILLER_13_143,VPWR,li1,71.9900,46.2400,1.800000
FILLER_13_140,VPWR,li1,70.6100,46.2400,1.800000
FILLER_13_137,VPWR,li1,69.2300,46.2400,1.800000
FILLER_13_134,VPWR,li1,67.8500,46.2400,1.800000
FILLER_13_131,VPWR,li1,66.4700,46.2400,1.800000
FILLER_13_128,VPWR,li1,65.0900,46.2400,1.800000
FILLER_13_125,VPWR,li1,63.7100,46.2400,1.800000
FILLER_13_122,VPWR,li1,62.3300,46.2400,1.800000
FILLER_13_119,VPWR,li1,60.9500,46.2400,1.800000
FILLER_13_116,VPWR,li1,59.5700,46.2400,1.800000
FILLER_13_113,VPWR,li1,58.1900,46.2400,1.800000
FILLER_13_111,VPWR,li1,56.8100,46.2400,1.800000
FILLER_13_108,VPWR,li1,55.8900,46.2400,1.800000
FILLER_13_105,VPWR,li1,54.5100,46.2400,1.800000
FILLER_13_102,VPWR,li1,53.1300,46.2400,1.800000
FILLER_13_99,VPWR,li1,51.7500,46.2400,1.800000
FILLER_13_96,VPWR,li1,50.3700,46.2400,1.800000
FILLER_13_93,VPWR,li1,48.9900,46.2400,1.800000
FILLER_13_90,VPWR,li1,47.6100,46.2400,1.800000
FILLER_13_87,VPWR,li1,46.2300,46.2400,1.800000
FILLER_13_84,VPWR,li1,44.8500,46.2400,1.800000
FILLER_13_81,VPWR,li1,43.4700,46.2400,1.800000
FILLER_13_78,VPWR,li1,42.0900,46.2400,1.800000
FILLER_13_75,VPWR,li1,40.7100,46.2400,1.800000
FILLER_13_72,VPWR,li1,39.3300,46.2400,1.800000
FILLER_13_69,VPWR,li1,37.9500,46.2400,1.800000
FILLER_13_66,VPWR,li1,36.5700,46.2400,1.800000
FILLER_13_63,VPWR,li1,35.1900,46.2400,1.800000
FILLER_13_60,VPWR,li1,33.8100,46.2400,1.800000
FILLER_13_57,VPWR,li1,32.4300,46.2400,1.800000
FILLER_13_54,VPWR,li1,30.8200,46.2400,1.800000
FILLER_13_51,VPWR,li1,29.6700,46.2400,1.800000
FILLER_13_48,VPWR,li1,28.2900,46.2400,1.800000
FILLER_13_45,VPWR,li1,26.9100,46.2400,1.800000
FILLER_13_42,VPWR,li1,25.5300,46.2400,1.800000
FILLER_13_39,VPWR,li1,24.1500,46.2400,1.800000
FILLER_13_36,VPWR,li1,22.7700,46.2400,1.800000
FILLER_13_33,VPWR,li1,21.3900,46.2400,1.800000
FILLER_13_30,VPWR,li1,20.0100,46.2400,1.800000
FILLER_13_27,VPWR,li1,18.6300,46.2400,1.800000
FILLER_13_24,VPWR,li1,17.2500,46.2400,1.800000
FILLER_13_21,VPWR,li1,15.8700,46.2400,1.800000
FILLER_13_18,VPWR,li1,14.4900,46.2400,1.800000
FILLER_13_15,VPWR,li1,13.1100,46.2400,1.800000
FILLER_13_12,VPWR,li1,11.7300,46.2400,1.800000
FILLER_13_9,VPWR,li1,10.3500,46.2400,1.800000
FILLER_13_6,VPWR,li1,8.9700,46.2400,1.800000
FILLER_13_3,VPWR,li1,7.5900,46.2400,1.800000
FILLER_12_189,VPWR,li1,92.6900,46.2400,1.800000
FILLER_12_186,VPWR,li1,91.7700,46.2400,1.800000
FILLER_12_183,VPWR,li1,90.3900,46.2400,1.800000
FILLER_12_180,VPWR,li1,89.0100,46.2400,1.800000
FILLER_12_177,VPWR,li1,87.6300,46.2400,1.800000
FILLER_12_174,VPWR,li1,86.2500,46.2400,1.800000
FILLER_12_171,VPWR,li1,84.8700,46.2400,1.800000
FILLER_12_168,VPWR,li1,83.4900,46.2400,1.800000
FILLER_12_165,VPWR,li1,82.1100,46.2400,1.800000
FILLER_12_162,VPWR,li1,80.7300,46.2400,1.800000
FILLER_12_159,VPWR,li1,79.3500,46.2400,1.800000
FILLER_12_156,VPWR,li1,77.9700,46.2400,1.800000
FILLER_12_153,VPWR,li1,76.5900,46.2400,1.800000
FILLER_12_150,VPWR,li1,75.2100,46.2400,1.800000
FILLER_12_147,VPWR,li1,73.8300,46.2400,1.800000
FILLER_12_144,VPWR,li1,72.4500,46.2400,1.800000
FILLER_12_141,VPWR,li1,71.0700,46.2400,1.800000
FILLER_12_139,VPWR,li1,69.6900,46.2400,1.800000
FILLER_12_136,VPWR,li1,68.7700,46.2400,1.800000
FILLER_12_133,VPWR,li1,67.3900,46.2400,1.800000
FILLER_12_130,VPWR,li1,66.0100,46.2400,1.800000
FILLER_12_127,VPWR,li1,64.6300,46.2400,1.800000
FILLER_12_124,VPWR,li1,63.2500,46.2400,1.800000
FILLER_12_121,VPWR,li1,61.8700,46.2400,1.800000
FILLER_12_118,VPWR,li1,60.4900,46.2400,1.800000
FILLER_12_115,VPWR,li1,59.1100,46.2400,1.800000
FILLER_12_112,VPWR,li1,57.7300,46.2400,1.800000
FILLER_12_109,VPWR,li1,56.3500,46.2400,1.800000
FILLER_12_106,VPWR,li1,54.9700,46.2400,1.800000
FILLER_12_103,VPWR,li1,53.5900,46.2400,1.800000
FILLER_12_100,VPWR,li1,52.2100,46.2400,1.800000
FILLER_12_97,VPWR,li1,50.8300,46.2400,1.800000
FILLER_12_94,VPWR,li1,49.4500,46.2400,1.800000
FILLER_12_91,VPWR,li1,48.0700,46.2400,1.800000
FILLER_12_88,VPWR,li1,46.6900,46.2400,1.800000
FILLER_12_85,VPWR,li1,45.3100,46.2400,1.800000
FILLER_12_83,VPWR,li1,43.9300,46.2400,1.800000
FILLER_12_80,VPWR,li1,43.0100,46.2400,1.800000
FILLER_12_77,VPWR,li1,41.6300,46.2400,1.800000
FILLER_12_74,VPWR,li1,40.2500,46.2400,1.800000
FILLER_12_71,VPWR,li1,38.8700,46.2400,1.800000
FILLER_12_68,VPWR,li1,37.4900,46.2400,1.800000
FILLER_12_65,VPWR,li1,36.1100,46.2400,1.800000
FILLER_12_62,VPWR,li1,34.7300,46.2400,1.800000
FILLER_12_59,VPWR,li1,33.3500,46.2400,1.800000
FILLER_12_56,VPWR,li1,31.9700,46.2400,1.800000
FILLER_12_53,VPWR,li1,30.5900,46.2400,1.800000
FILLER_12_50,VPWR,li1,29.2100,46.2400,1.800000
FILLER_12_47,VPWR,li1,27.8300,46.2400,1.800000
FILLER_12_44,VPWR,li1,26.4500,46.2400,1.800000
FILLER_12_41,VPWR,li1,25.0700,46.2400,1.800000
FILLER_12_38,VPWR,li1,23.6900,46.2400,1.800000
FILLER_12_35,VPWR,li1,22.3100,46.2400,1.800000
FILLER_12_32,VPWR,li1,20.9300,46.2400,1.800000
FILLER_12_29,VPWR,li1,19.5500,46.2400,1.800000
FILLER_12_27,VPWR,li1,18.1700,46.2400,1.800000
FILLER_12_24,VPWR,li1,17.2500,46.2400,1.800000
FILLER_12_21,VPWR,li1,15.8700,46.2400,1.800000
FILLER_12_18,VPWR,li1,14.4900,46.2400,1.800000
FILLER_12_15,VPWR,li1,13.1100,46.2400,1.800000
FILLER_12_12,VPWR,li1,11.7300,46.2400,1.800000
FILLER_12_9,VPWR,li1,10.3500,46.2400,1.800000
FILLER_12_6,VPWR,li1,8.9700,46.2400,1.800000
FILLER_12_3,VPWR,li1,7.5900,46.2400,1.800000
FILLER_11_187,VPWR,li1,92.2300,40.8000,1.800000
FILLER_11_184,VPWR,li1,90.8500,40.8000,1.800000
FILLER_11_181,VPWR,li1,89.4700,40.8000,1.800000
FILLER_11_178,VPWR,li1,88.0900,40.8000,1.800000
FILLER_11_175,VPWR,li1,86.7100,40.8000,1.800000
FILLER_11_172,VPWR,li1,85.3300,40.8000,1.800000
FILLER_11_169,VPWR,li1,83.9500,40.8000,1.800000
FILLER_11_167,VPWR,li1,82.5700,40.8000,1.800000
FILLER_11_164,VPWR,li1,81.6500,40.8000,1.800000
FILLER_11_161,VPWR,li1,80.2700,40.8000,1.800000
FILLER_11_158,VPWR,li1,78.8900,40.8000,1.800000
FILLER_11_155,VPWR,li1,77.5100,40.8000,1.800000
FILLER_11_152,VPWR,li1,76.1300,40.8000,1.800000
FILLER_11_149,VPWR,li1,74.7500,40.8000,1.800000
FILLER_11_146,VPWR,li1,73.3700,40.8000,1.800000
FILLER_11_143,VPWR,li1,71.9900,40.8000,1.800000
FILLER_11_140,VPWR,li1,70.6100,40.8000,1.800000
FILLER_11_137,VPWR,li1,69.2300,40.8000,1.800000
FILLER_11_134,VPWR,li1,67.8500,40.8000,1.800000
FILLER_11_131,VPWR,li1,66.4700,40.8000,1.800000
FILLER_11_128,VPWR,li1,65.0900,40.8000,1.800000
FILLER_11_125,VPWR,li1,63.7100,40.8000,1.800000
FILLER_11_122,VPWR,li1,62.3300,40.8000,1.800000
FILLER_11_119,VPWR,li1,60.9500,40.8000,1.800000
FILLER_11_116,VPWR,li1,59.5700,40.8000,1.800000
FILLER_11_113,VPWR,li1,58.1900,40.8000,1.800000
FILLER_11_111,VPWR,li1,56.8100,40.8000,1.800000
FILLER_11_108,VPWR,li1,55.8900,40.8000,1.800000
FILLER_11_105,VPWR,li1,54.5100,40.8000,1.800000
FILLER_11_102,VPWR,li1,53.1300,40.8000,1.800000
FILLER_11_99,VPWR,li1,51.7500,40.8000,1.800000
FILLER_11_96,VPWR,li1,50.3700,40.8000,1.800000
FILLER_11_93,VPWR,li1,48.9900,40.8000,1.800000
FILLER_11_90,VPWR,li1,47.6100,40.8000,1.800000
FILLER_11_87,VPWR,li1,46.2300,40.8000,1.800000
FILLER_11_84,VPWR,li1,44.8500,40.8000,1.800000
FILLER_11_81,VPWR,li1,43.4700,40.8000,1.800000
FILLER_11_78,VPWR,li1,42.0900,40.8000,1.800000
FILLER_11_75,VPWR,li1,40.7100,40.8000,1.800000
FILLER_11_72,VPWR,li1,39.3300,40.8000,1.800000
FILLER_11_69,VPWR,li1,37.9500,40.8000,1.800000
FILLER_11_66,VPWR,li1,36.5700,40.8000,1.800000
FILLER_11_63,VPWR,li1,35.1900,40.8000,1.800000
FILLER_11_60,VPWR,li1,33.8100,40.8000,1.800000
FILLER_11_57,VPWR,li1,32.4300,40.8000,1.800000
FILLER_11_54,VPWR,li1,30.8200,40.8000,1.800000
FILLER_11_51,VPWR,li1,29.6700,40.8000,1.800000
FILLER_11_48,VPWR,li1,28.2900,40.8000,1.800000
FILLER_11_45,VPWR,li1,26.9100,40.8000,1.800000
FILLER_11_42,VPWR,li1,25.5300,40.8000,1.800000
FILLER_11_39,VPWR,li1,24.1500,40.8000,1.800000
FILLER_11_36,VPWR,li1,22.7700,40.8000,1.800000
FILLER_11_33,VPWR,li1,21.3900,40.8000,1.800000
FILLER_11_30,VPWR,li1,20.0100,40.8000,1.800000
FILLER_11_27,VPWR,li1,18.6300,40.8000,1.800000
FILLER_11_24,VPWR,li1,17.2500,40.8000,1.800000
FILLER_11_21,VPWR,li1,15.8700,40.8000,1.800000
FILLER_11_18,VPWR,li1,14.4900,40.8000,1.800000
FILLER_11_15,VPWR,li1,13.1100,40.8000,1.800000
FILLER_11_12,VPWR,li1,11.7300,40.8000,1.800000
FILLER_11_9,VPWR,li1,10.3500,40.8000,1.800000
FILLER_11_6,VPWR,li1,8.9700,40.8000,1.800000
FILLER_11_3,VPWR,li1,7.5900,40.8000,1.800000
FILLER_10_189,VPWR,li1,92.6900,40.8000,1.800000
FILLER_10_186,VPWR,li1,91.7700,40.8000,1.800000
FILLER_10_183,VPWR,li1,90.3900,40.8000,1.800000
FILLER_10_180,VPWR,li1,89.0100,40.8000,1.800000
FILLER_10_177,VPWR,li1,87.6300,40.8000,1.800000
FILLER_10_174,VPWR,li1,86.2500,40.8000,1.800000
FILLER_10_171,VPWR,li1,84.8700,40.8000,1.800000
FILLER_10_168,VPWR,li1,83.4900,40.8000,1.800000
FILLER_10_165,VPWR,li1,82.1100,40.8000,1.800000
FILLER_10_162,VPWR,li1,80.7300,40.8000,1.800000
FILLER_10_159,VPWR,li1,79.3500,40.8000,1.800000
FILLER_10_156,VPWR,li1,77.9700,40.8000,1.800000
FILLER_10_153,VPWR,li1,76.5900,40.8000,1.800000
FILLER_10_150,VPWR,li1,75.2100,40.8000,1.800000
FILLER_10_147,VPWR,li1,73.8300,40.8000,1.800000
FILLER_10_144,VPWR,li1,72.4500,40.8000,1.800000
FILLER_10_141,VPWR,li1,71.0700,40.8000,1.800000
FILLER_10_139,VPWR,li1,69.6900,40.8000,1.800000
FILLER_10_136,VPWR,li1,68.7700,40.8000,1.800000
FILLER_10_133,VPWR,li1,67.3900,40.8000,1.800000
FILLER_10_130,VPWR,li1,66.0100,40.8000,1.800000
FILLER_10_127,VPWR,li1,64.6300,40.8000,1.800000
FILLER_10_124,VPWR,li1,63.2500,40.8000,1.800000
FILLER_10_121,VPWR,li1,61.8700,40.8000,1.800000
FILLER_10_118,VPWR,li1,60.4900,40.8000,1.800000
FILLER_10_115,VPWR,li1,59.1100,40.8000,1.800000
FILLER_10_112,VPWR,li1,57.7300,40.8000,1.800000
FILLER_10_109,VPWR,li1,56.3500,40.8000,1.800000
FILLER_10_106,VPWR,li1,54.9700,40.8000,1.800000
FILLER_10_103,VPWR,li1,53.5900,40.8000,1.800000
FILLER_10_100,VPWR,li1,52.2100,40.8000,1.800000
FILLER_10_97,VPWR,li1,50.8300,40.8000,1.800000
FILLER_10_94,VPWR,li1,49.4500,40.8000,1.800000
FILLER_10_91,VPWR,li1,48.0700,40.8000,1.800000
FILLER_10_88,VPWR,li1,46.6900,40.8000,1.800000
FILLER_10_85,VPWR,li1,45.3100,40.8000,1.800000
FILLER_10_83,VPWR,li1,43.9300,40.8000,1.800000
FILLER_10_80,VPWR,li1,43.0100,40.8000,1.800000
FILLER_10_77,VPWR,li1,41.6300,40.8000,1.800000
FILLER_10_74,VPWR,li1,40.2500,40.8000,1.800000
FILLER_10_71,VPWR,li1,38.8700,40.8000,1.800000
FILLER_10_68,VPWR,li1,37.4900,40.8000,1.800000
FILLER_10_65,VPWR,li1,36.1100,40.8000,1.800000
FILLER_10_62,VPWR,li1,34.7300,40.8000,1.800000
FILLER_10_59,VPWR,li1,33.3500,40.8000,1.800000
FILLER_10_56,VPWR,li1,31.9700,40.8000,1.800000
FILLER_10_53,VPWR,li1,30.5900,40.8000,1.800000
FILLER_10_50,VPWR,li1,29.2100,40.8000,1.800000
FILLER_10_47,VPWR,li1,27.8300,40.8000,1.800000
FILLER_10_44,VPWR,li1,26.4500,40.8000,1.800000
FILLER_10_41,VPWR,li1,25.0700,40.8000,1.800000
FILLER_10_38,VPWR,li1,23.6900,40.8000,1.800000
FILLER_10_35,VPWR,li1,22.3100,40.8000,1.800000
FILLER_10_32,VPWR,li1,20.9300,40.8000,1.800000
FILLER_10_29,VPWR,li1,19.5500,40.8000,1.800000
FILLER_10_27,VPWR,li1,18.1700,40.8000,1.800000
FILLER_10_24,VPWR,li1,17.2500,40.8000,1.800000
FILLER_10_21,VPWR,li1,15.8700,40.8000,1.800000
FILLER_10_18,VPWR,li1,14.4900,40.8000,1.800000
FILLER_10_15,VPWR,li1,13.1100,40.8000,1.800000
FILLER_10_12,VPWR,li1,11.7300,40.8000,1.800000
FILLER_10_9,VPWR,li1,10.3500,40.8000,1.800000
FILLER_10_6,VPWR,li1,8.9700,40.8000,1.800000
FILLER_10_3,VPWR,li1,7.5900,40.8000,1.800000
FILLER_9_187,VPWR,li1,92.2300,35.3600,1.800000
FILLER_9_184,VPWR,li1,90.8500,35.3600,1.800000
FILLER_9_181,VPWR,li1,89.4700,35.3600,1.800000
FILLER_9_178,VPWR,li1,88.0900,35.3600,1.800000
FILLER_9_175,VPWR,li1,86.7100,35.3600,1.800000
FILLER_9_172,VPWR,li1,85.3300,35.3600,1.800000
FILLER_9_169,VPWR,li1,83.9500,35.3600,1.800000
FILLER_9_167,VPWR,li1,82.5700,35.3600,1.800000
FILLER_9_164,VPWR,li1,81.6500,35.3600,1.800000
FILLER_9_161,VPWR,li1,80.2700,35.3600,1.800000
FILLER_9_158,VPWR,li1,78.8900,35.3600,1.800000
FILLER_9_155,VPWR,li1,77.5100,35.3600,1.800000
FILLER_9_152,VPWR,li1,76.1300,35.3600,1.800000
FILLER_9_149,VPWR,li1,74.7500,35.3600,1.800000
FILLER_9_146,VPWR,li1,73.3700,35.3600,1.800000
FILLER_9_143,VPWR,li1,71.9900,35.3600,1.800000
FILLER_9_140,VPWR,li1,70.6100,35.3600,1.800000
FILLER_9_137,VPWR,li1,69.2300,35.3600,1.800000
FILLER_9_134,VPWR,li1,67.8500,35.3600,1.800000
FILLER_9_131,VPWR,li1,66.4700,35.3600,1.800000
FILLER_9_128,VPWR,li1,65.0900,35.3600,1.800000
FILLER_9_125,VPWR,li1,63.7100,35.3600,1.800000
FILLER_9_122,VPWR,li1,62.3300,35.3600,1.800000
FILLER_9_119,VPWR,li1,60.9500,35.3600,1.800000
FILLER_9_116,VPWR,li1,59.5700,35.3600,1.800000
FILLER_9_113,VPWR,li1,58.1900,35.3600,1.800000
FILLER_9_111,VPWR,li1,56.8100,35.3600,1.800000
FILLER_9_108,VPWR,li1,55.8900,35.3600,1.800000
FILLER_9_105,VPWR,li1,54.5100,35.3600,1.800000
FILLER_9_102,VPWR,li1,53.1300,35.3600,1.800000
FILLER_9_99,VPWR,li1,51.7500,35.3600,1.800000
FILLER_9_96,VPWR,li1,50.3700,35.3600,1.800000
FILLER_9_93,VPWR,li1,48.9900,35.3600,1.800000
FILLER_9_90,VPWR,li1,47.6100,35.3600,1.800000
FILLER_9_87,VPWR,li1,46.2300,35.3600,1.800000
FILLER_9_84,VPWR,li1,44.8500,35.3600,1.800000
FILLER_9_81,VPWR,li1,43.4700,35.3600,1.800000
FILLER_9_78,VPWR,li1,42.0900,35.3600,1.800000
FILLER_9_75,VPWR,li1,40.7100,35.3600,1.800000
FILLER_9_72,VPWR,li1,39.3300,35.3600,1.800000
FILLER_9_69,VPWR,li1,37.9500,35.3600,1.800000
FILLER_9_66,VPWR,li1,36.5700,35.3600,1.800000
FILLER_9_63,VPWR,li1,35.1900,35.3600,1.800000
FILLER_9_60,VPWR,li1,33.8100,35.3600,1.800000
FILLER_9_57,VPWR,li1,32.4300,35.3600,1.800000
FILLER_9_54,VPWR,li1,30.8200,35.3600,1.800000
FILLER_9_51,VPWR,li1,29.6700,35.3600,1.800000
FILLER_9_48,VPWR,li1,28.2900,35.3600,1.800000
FILLER_9_45,VPWR,li1,26.9100,35.3600,1.800000
FILLER_9_42,VPWR,li1,25.5300,35.3600,1.800000
FILLER_9_39,VPWR,li1,24.1500,35.3600,1.800000
FILLER_9_36,VPWR,li1,22.7700,35.3600,1.800000
FILLER_9_33,VPWR,li1,21.3900,35.3600,1.800000
FILLER_9_30,VPWR,li1,20.0100,35.3600,1.800000
FILLER_9_27,VPWR,li1,18.6300,35.3600,1.800000
FILLER_9_24,VPWR,li1,17.2500,35.3600,1.800000
FILLER_9_21,VPWR,li1,15.8700,35.3600,1.800000
FILLER_9_18,VPWR,li1,14.4900,35.3600,1.800000
FILLER_9_15,VPWR,li1,13.1100,35.3600,1.800000
FILLER_9_12,VPWR,li1,11.7300,35.3600,1.800000
FILLER_9_9,VPWR,li1,10.3500,35.3600,1.800000
FILLER_9_6,VPWR,li1,8.9700,35.3600,1.800000
FILLER_9_3,VPWR,li1,7.5900,35.3600,1.800000
FILLER_8_189,VPWR,li1,92.6900,35.3600,1.800000
FILLER_8_186,VPWR,li1,91.7700,35.3600,1.800000
FILLER_8_183,VPWR,li1,90.3900,35.3600,1.800000
FILLER_8_180,VPWR,li1,89.0100,35.3600,1.800000
FILLER_8_177,VPWR,li1,87.6300,35.3600,1.800000
FILLER_8_174,VPWR,li1,86.2500,35.3600,1.800000
FILLER_8_171,VPWR,li1,84.8700,35.3600,1.800000
FILLER_8_168,VPWR,li1,83.4900,35.3600,1.800000
FILLER_8_165,VPWR,li1,82.1100,35.3600,1.800000
FILLER_8_162,VPWR,li1,80.7300,35.3600,1.800000
FILLER_8_159,VPWR,li1,79.3500,35.3600,1.800000
FILLER_8_156,VPWR,li1,77.9700,35.3600,1.800000
FILLER_8_153,VPWR,li1,76.5900,35.3600,1.800000
FILLER_8_150,VPWR,li1,75.2100,35.3600,1.800000
FILLER_8_147,VPWR,li1,73.8300,35.3600,1.800000
FILLER_8_144,VPWR,li1,72.4500,35.3600,1.800000
FILLER_8_141,VPWR,li1,71.0700,35.3600,1.800000
FILLER_8_139,VPWR,li1,69.6900,35.3600,1.800000
FILLER_8_136,VPWR,li1,68.7700,35.3600,1.800000
FILLER_8_133,VPWR,li1,67.3900,35.3600,1.800000
FILLER_8_130,VPWR,li1,66.0100,35.3600,1.800000
FILLER_8_127,VPWR,li1,64.6300,35.3600,1.800000
FILLER_8_124,VPWR,li1,63.2500,35.3600,1.800000
FILLER_8_121,VPWR,li1,61.8700,35.3600,1.800000
FILLER_8_118,VPWR,li1,60.4900,35.3600,1.800000
FILLER_8_115,VPWR,li1,59.1100,35.3600,1.800000
FILLER_8_112,VPWR,li1,57.7300,35.3600,1.800000
FILLER_8_109,VPWR,li1,56.3500,35.3600,1.800000
FILLER_8_106,VPWR,li1,54.9700,35.3600,1.800000
FILLER_8_103,VPWR,li1,53.5900,35.3600,1.800000
FILLER_8_100,VPWR,li1,52.2100,35.3600,1.800000
FILLER_8_97,VPWR,li1,50.8300,35.3600,1.800000
FILLER_8_94,VPWR,li1,49.4500,35.3600,1.800000
FILLER_8_91,VPWR,li1,48.0700,35.3600,1.800000
FILLER_8_88,VPWR,li1,46.6900,35.3600,1.800000
FILLER_8_85,VPWR,li1,45.3100,35.3600,1.800000
FILLER_8_83,VPWR,li1,43.9300,35.3600,1.800000
FILLER_8_80,VPWR,li1,43.0100,35.3600,1.800000
FILLER_8_77,VPWR,li1,41.6300,35.3600,1.800000
FILLER_8_74,VPWR,li1,40.2500,35.3600,1.800000
FILLER_8_71,VPWR,li1,38.8700,35.3600,1.800000
FILLER_8_68,VPWR,li1,37.4900,35.3600,1.800000
FILLER_8_65,VPWR,li1,36.1100,35.3600,1.800000
FILLER_8_62,VPWR,li1,34.7300,35.3600,1.800000
FILLER_8_59,VPWR,li1,33.3500,35.3600,1.800000
FILLER_8_56,VPWR,li1,31.9700,35.3600,1.800000
FILLER_8_53,VPWR,li1,30.5900,35.3600,1.800000
FILLER_8_50,VPWR,li1,29.2100,35.3600,1.800000
FILLER_8_47,VPWR,li1,27.8300,35.3600,1.800000
FILLER_8_44,VPWR,li1,26.4500,35.3600,1.800000
FILLER_8_41,VPWR,li1,25.0700,35.3600,1.800000
FILLER_8_38,VPWR,li1,23.6900,35.3600,1.800000
FILLER_8_35,VPWR,li1,22.3100,35.3600,1.800000
FILLER_8_32,VPWR,li1,20.9300,35.3600,1.800000
FILLER_8_29,VPWR,li1,19.5500,35.3600,1.800000
FILLER_8_27,VPWR,li1,18.1700,35.3600,1.800000
FILLER_8_24,VPWR,li1,17.2500,35.3600,1.800000
FILLER_8_21,VPWR,li1,15.8700,35.3600,1.800000
FILLER_8_18,VPWR,li1,14.4900,35.3600,1.800000
FILLER_8_15,VPWR,li1,13.1100,35.3600,1.800000
FILLER_8_12,VPWR,li1,11.7300,35.3600,1.800000
FILLER_8_9,VPWR,li1,10.3500,35.3600,1.800000
FILLER_8_6,VPWR,li1,8.9700,35.3600,1.800000
FILLER_8_3,VPWR,li1,7.5900,35.3600,1.800000
FILLER_7_187,VPWR,li1,92.2300,29.9200,1.800000
FILLER_7_184,VPWR,li1,90.8500,29.9200,1.800000
FILLER_7_181,VPWR,li1,89.4700,29.9200,1.800000
FILLER_7_178,VPWR,li1,88.0900,29.9200,1.800000
FILLER_7_175,VPWR,li1,86.7100,29.9200,1.800000
FILLER_7_172,VPWR,li1,85.3300,29.9200,1.800000
FILLER_7_169,VPWR,li1,83.9500,29.9200,1.800000
FILLER_7_167,VPWR,li1,82.5700,29.9200,1.800000
FILLER_7_164,VPWR,li1,81.6500,29.9200,1.800000
FILLER_7_161,VPWR,li1,80.2700,29.9200,1.800000
FILLER_7_158,VPWR,li1,78.8900,29.9200,1.800000
FILLER_7_155,VPWR,li1,77.5100,29.9200,1.800000
FILLER_7_152,VPWR,li1,76.1300,29.9200,1.800000
FILLER_7_149,VPWR,li1,74.7500,29.9200,1.800000
FILLER_7_146,VPWR,li1,73.3700,29.9200,1.800000
FILLER_7_143,VPWR,li1,71.9900,29.9200,1.800000
FILLER_7_140,VPWR,li1,70.6100,29.9200,1.800000
FILLER_7_137,VPWR,li1,69.2300,29.9200,1.800000
FILLER_7_134,VPWR,li1,67.8500,29.9200,1.800000
FILLER_7_131,VPWR,li1,66.4700,29.9200,1.800000
FILLER_7_128,VPWR,li1,65.0900,29.9200,1.800000
FILLER_7_125,VPWR,li1,63.7100,29.9200,1.800000
FILLER_7_122,VPWR,li1,62.3300,29.9200,1.800000
FILLER_7_119,VPWR,li1,60.9500,29.9200,1.800000
FILLER_7_116,VPWR,li1,59.5700,29.9200,1.800000
FILLER_7_113,VPWR,li1,58.1900,29.9200,1.800000
FILLER_7_111,VPWR,li1,56.8100,29.9200,1.800000
FILLER_7_108,VPWR,li1,55.8900,29.9200,1.800000
FILLER_7_105,VPWR,li1,54.5100,29.9200,1.800000
FILLER_7_102,VPWR,li1,53.1300,29.9200,1.800000
FILLER_7_99,VPWR,li1,51.7500,29.9200,1.800000
FILLER_7_96,VPWR,li1,50.3700,29.9200,1.800000
FILLER_7_93,VPWR,li1,48.9900,29.9200,1.800000
FILLER_7_90,VPWR,li1,47.6100,29.9200,1.800000
FILLER_7_87,VPWR,li1,46.2300,29.9200,1.800000
FILLER_7_84,VPWR,li1,44.8500,29.9200,1.800000
FILLER_7_81,VPWR,li1,43.4700,29.9200,1.800000
FILLER_7_78,VPWR,li1,42.0900,29.9200,1.800000
FILLER_7_75,VPWR,li1,40.7100,29.9200,1.800000
FILLER_7_72,VPWR,li1,39.3300,29.9200,1.800000
FILLER_7_69,VPWR,li1,37.9500,29.9200,1.800000
FILLER_7_66,VPWR,li1,36.5700,29.9200,1.800000
FILLER_7_63,VPWR,li1,35.1900,29.9200,1.800000
FILLER_7_60,VPWR,li1,33.8100,29.9200,1.800000
FILLER_7_57,VPWR,li1,32.4300,29.9200,1.800000
FILLER_7_54,VPWR,li1,30.8200,29.9200,1.800000
FILLER_7_51,VPWR,li1,29.6700,29.9200,1.800000
FILLER_7_48,VPWR,li1,28.2900,29.9200,1.800000
FILLER_7_45,VPWR,li1,26.9100,29.9200,1.800000
FILLER_7_42,VPWR,li1,25.5300,29.9200,1.800000
FILLER_7_39,VPWR,li1,24.1500,29.9200,1.800000
FILLER_7_36,VPWR,li1,22.7700,29.9200,1.800000
FILLER_7_33,VPWR,li1,21.3900,29.9200,1.800000
FILLER_7_30,VPWR,li1,20.0100,29.9200,1.800000
FILLER_7_27,VPWR,li1,18.6300,29.9200,1.800000
FILLER_7_24,VPWR,li1,17.2500,29.9200,1.800000
FILLER_7_21,VPWR,li1,15.8700,29.9200,1.800000
FILLER_7_18,VPWR,li1,14.4900,29.9200,1.800000
FILLER_7_15,VPWR,li1,13.1100,29.9200,1.800000
FILLER_7_12,VPWR,li1,11.7300,29.9200,1.800000
FILLER_7_9,VPWR,li1,10.3500,29.9200,1.800000
FILLER_7_6,VPWR,li1,8.9700,29.9200,1.800000
FILLER_7_3,VPWR,li1,7.5900,29.9200,1.800000
FILLER_6_189,VPWR,li1,92.6900,29.9200,1.800000
FILLER_6_186,VPWR,li1,91.7700,29.9200,1.800000
FILLER_6_183,VPWR,li1,90.3900,29.9200,1.800000
FILLER_6_180,VPWR,li1,89.0100,29.9200,1.800000
FILLER_6_177,VPWR,li1,87.6300,29.9200,1.800000
FILLER_6_174,VPWR,li1,86.2500,29.9200,1.800000
FILLER_6_171,VPWR,li1,84.8700,29.9200,1.800000
FILLER_6_168,VPWR,li1,83.4900,29.9200,1.800000
FILLER_6_165,VPWR,li1,82.1100,29.9200,1.800000
FILLER_6_162,VPWR,li1,80.7300,29.9200,1.800000
FILLER_6_159,VPWR,li1,79.3500,29.9200,1.800000
FILLER_6_156,VPWR,li1,77.9700,29.9200,1.800000
FILLER_6_153,VPWR,li1,76.5900,29.9200,1.800000
FILLER_6_150,VPWR,li1,75.2100,29.9200,1.800000
FILLER_6_147,VPWR,li1,73.8300,29.9200,1.800000
FILLER_6_144,VPWR,li1,72.4500,29.9200,1.800000
FILLER_6_141,VPWR,li1,71.0700,29.9200,1.800000
FILLER_6_139,VPWR,li1,69.6900,29.9200,1.800000
FILLER_6_136,VPWR,li1,68.7700,29.9200,1.800000
FILLER_6_133,VPWR,li1,67.3900,29.9200,1.800000
FILLER_6_130,VPWR,li1,66.0100,29.9200,1.800000
FILLER_6_127,VPWR,li1,64.6300,29.9200,1.800000
FILLER_6_124,VPWR,li1,63.2500,29.9200,1.800000
FILLER_6_121,VPWR,li1,61.8700,29.9200,1.800000
FILLER_6_118,VPWR,li1,60.4900,29.9200,1.800000
FILLER_6_115,VPWR,li1,59.1100,29.9200,1.800000
FILLER_6_112,VPWR,li1,57.7300,29.9200,1.800000
FILLER_6_109,VPWR,li1,56.3500,29.9200,1.800000
FILLER_6_106,VPWR,li1,54.9700,29.9200,1.800000
FILLER_6_103,VPWR,li1,53.5900,29.9200,1.800000
FILLER_6_100,VPWR,li1,52.2100,29.9200,1.800000
FILLER_6_97,VPWR,li1,50.8300,29.9200,1.800000
FILLER_6_94,VPWR,li1,49.4500,29.9200,1.800000
FILLER_6_91,VPWR,li1,48.0700,29.9200,1.800000
FILLER_6_88,VPWR,li1,46.6900,29.9200,1.800000
FILLER_6_85,VPWR,li1,45.3100,29.9200,1.800000
FILLER_6_83,VPWR,li1,43.9300,29.9200,1.800000
FILLER_6_80,VPWR,li1,43.0100,29.9200,1.800000
FILLER_6_77,VPWR,li1,41.6300,29.9200,1.800000
FILLER_6_74,VPWR,li1,40.2500,29.9200,1.800000
FILLER_6_71,VPWR,li1,38.8700,29.9200,1.800000
FILLER_6_68,VPWR,li1,37.4900,29.9200,1.800000
FILLER_6_65,VPWR,li1,36.1100,29.9200,1.800000
FILLER_6_62,VPWR,li1,34.7300,29.9200,1.800000
FILLER_6_59,VPWR,li1,33.3500,29.9200,1.800000
FILLER_6_56,VPWR,li1,31.9700,29.9200,1.800000
FILLER_6_53,VPWR,li1,30.5900,29.9200,1.800000
FILLER_6_50,VPWR,li1,29.2100,29.9200,1.800000
FILLER_6_47,VPWR,li1,27.8300,29.9200,1.800000
FILLER_6_44,VPWR,li1,26.4500,29.9200,1.800000
FILLER_6_41,VPWR,li1,25.0700,29.9200,1.800000
FILLER_6_38,VPWR,li1,23.6900,29.9200,1.800000
FILLER_6_35,VPWR,li1,22.3100,29.9200,1.800000
FILLER_6_32,VPWR,li1,20.9300,29.9200,1.800000
FILLER_6_29,VPWR,li1,19.5500,29.9200,1.800000
FILLER_6_27,VPWR,li1,18.1700,29.9200,1.800000
FILLER_6_24,VPWR,li1,17.2500,29.9200,1.800000
FILLER_6_21,VPWR,li1,15.8700,29.9200,1.800000
FILLER_6_18,VPWR,li1,14.4900,29.9200,1.800000
FILLER_6_15,VPWR,li1,13.1100,29.9200,1.800000
FILLER_6_12,VPWR,li1,11.7300,29.9200,1.800000
FILLER_6_9,VPWR,li1,10.3500,29.9200,1.800000
FILLER_6_6,VPWR,li1,8.9700,29.9200,1.800000
FILLER_6_3,VPWR,li1,7.5900,29.9200,1.800000
FILLER_5_187,VPWR,li1,92.2300,24.4800,1.800000
FILLER_5_184,VPWR,li1,90.8500,24.4800,1.800000
FILLER_5_181,VPWR,li1,89.4700,24.4800,1.800000
FILLER_5_178,VPWR,li1,88.0900,24.4800,1.800000
FILLER_5_175,VPWR,li1,86.7100,24.4800,1.800000
FILLER_5_172,VPWR,li1,85.3300,24.4800,1.800000
FILLER_5_169,VPWR,li1,83.9500,24.4800,1.800000
FILLER_5_167,VPWR,li1,82.5700,24.4800,1.800000
FILLER_5_164,VPWR,li1,81.6500,24.4800,1.800000
FILLER_5_161,VPWR,li1,80.2700,24.4800,1.800000
FILLER_5_158,VPWR,li1,78.8900,24.4800,1.800000
FILLER_5_155,VPWR,li1,77.5100,24.4800,1.800000
FILLER_5_152,VPWR,li1,76.1300,24.4800,1.800000
FILLER_5_149,VPWR,li1,74.7500,24.4800,1.800000
FILLER_5_146,VPWR,li1,73.3700,24.4800,1.800000
FILLER_5_143,VPWR,li1,71.9900,24.4800,1.800000
FILLER_5_140,VPWR,li1,70.6100,24.4800,1.800000
FILLER_5_137,VPWR,li1,69.2300,24.4800,1.800000
FILLER_5_134,VPWR,li1,67.8500,24.4800,1.800000
FILLER_5_131,VPWR,li1,66.4700,24.4800,1.800000
FILLER_5_128,VPWR,li1,65.0900,24.4800,1.800000
FILLER_5_125,VPWR,li1,63.7100,24.4800,1.800000
FILLER_5_122,VPWR,li1,62.3300,24.4800,1.800000
FILLER_5_119,VPWR,li1,60.9500,24.4800,1.800000
FILLER_5_116,VPWR,li1,59.5700,24.4800,1.800000
FILLER_5_113,VPWR,li1,58.1900,24.4800,1.800000
FILLER_5_111,VPWR,li1,56.8100,24.4800,1.800000
FILLER_5_108,VPWR,li1,55.8900,24.4800,1.800000
FILLER_5_105,VPWR,li1,54.5100,24.4800,1.800000
FILLER_5_102,VPWR,li1,53.1300,24.4800,1.800000
FILLER_5_99,VPWR,li1,51.7500,24.4800,1.800000
FILLER_5_96,VPWR,li1,50.3700,24.4800,1.800000
FILLER_5_93,VPWR,li1,48.9900,24.4800,1.800000
FILLER_5_90,VPWR,li1,47.6100,24.4800,1.800000
FILLER_5_87,VPWR,li1,46.2300,24.4800,1.800000
FILLER_5_84,VPWR,li1,44.8500,24.4800,1.800000
FILLER_5_81,VPWR,li1,43.4700,24.4800,1.800000
FILLER_5_78,VPWR,li1,42.0900,24.4800,1.800000
FILLER_5_75,VPWR,li1,40.7100,24.4800,1.800000
FILLER_5_72,VPWR,li1,39.3300,24.4800,1.800000
FILLER_5_69,VPWR,li1,37.9500,24.4800,1.800000
FILLER_5_66,VPWR,li1,36.5700,24.4800,1.800000
FILLER_5_63,VPWR,li1,35.1900,24.4800,1.800000
FILLER_5_60,VPWR,li1,33.8100,24.4800,1.800000
FILLER_5_57,VPWR,li1,32.4300,24.4800,1.800000
FILLER_5_54,VPWR,li1,30.8200,24.4800,1.800000
FILLER_5_51,VPWR,li1,29.6700,24.4800,1.800000
FILLER_5_48,VPWR,li1,28.2900,24.4800,1.800000
FILLER_5_45,VPWR,li1,26.9100,24.4800,1.800000
FILLER_5_42,VPWR,li1,25.5300,24.4800,1.800000
FILLER_5_39,VPWR,li1,24.1500,24.4800,1.800000
FILLER_5_36,VPWR,li1,22.7700,24.4800,1.800000
FILLER_5_33,VPWR,li1,21.3900,24.4800,1.800000
FILLER_5_30,VPWR,li1,20.0100,24.4800,1.800000
FILLER_5_27,VPWR,li1,18.6300,24.4800,1.800000
FILLER_5_24,VPWR,li1,17.2500,24.4800,1.800000
FILLER_5_21,VPWR,li1,15.8700,24.4800,1.800000
FILLER_5_18,VPWR,li1,14.4900,24.4800,1.800000
FILLER_5_15,VPWR,li1,13.1100,24.4800,1.800000
FILLER_5_12,VPWR,li1,11.7300,24.4800,1.800000
FILLER_5_9,VPWR,li1,10.3500,24.4800,1.800000
FILLER_5_6,VPWR,li1,8.9700,24.4800,1.800000
FILLER_5_3,VPWR,li1,7.5900,24.4800,1.800000
FILLER_4_189,VPWR,li1,92.6900,24.4800,1.800000
FILLER_4_186,VPWR,li1,91.7700,24.4800,1.800000
FILLER_4_183,VPWR,li1,90.3900,24.4800,1.800000
FILLER_4_180,VPWR,li1,89.0100,24.4800,1.800000
FILLER_4_177,VPWR,li1,87.6300,24.4800,1.800000
FILLER_4_174,VPWR,li1,86.2500,24.4800,1.800000
FILLER_4_171,VPWR,li1,84.8700,24.4800,1.800000
FILLER_4_168,VPWR,li1,83.4900,24.4800,1.800000
FILLER_4_165,VPWR,li1,82.1100,24.4800,1.800000
FILLER_4_162,VPWR,li1,80.7300,24.4800,1.800000
FILLER_4_159,VPWR,li1,79.3500,24.4800,1.800000
FILLER_4_156,VPWR,li1,77.9700,24.4800,1.800000
FILLER_4_153,VPWR,li1,76.5900,24.4800,1.800000
FILLER_4_150,VPWR,li1,75.2100,24.4800,1.800000
FILLER_4_147,VPWR,li1,73.8300,24.4800,1.800000
FILLER_4_144,VPWR,li1,72.4500,24.4800,1.800000
FILLER_4_141,VPWR,li1,71.0700,24.4800,1.800000
FILLER_4_139,VPWR,li1,69.6900,24.4800,1.800000
FILLER_4_136,VPWR,li1,68.7700,24.4800,1.800000
FILLER_4_133,VPWR,li1,67.3900,24.4800,1.800000
FILLER_4_130,VPWR,li1,66.0100,24.4800,1.800000
FILLER_4_127,VPWR,li1,64.6300,24.4800,1.800000
FILLER_4_124,VPWR,li1,63.2500,24.4800,1.800000
FILLER_4_121,VPWR,li1,61.8700,24.4800,1.800000
FILLER_4_118,VPWR,li1,60.4900,24.4800,1.800000
FILLER_4_115,VPWR,li1,59.1100,24.4800,1.800000
FILLER_4_112,VPWR,li1,57.7300,24.4800,1.800000
FILLER_4_109,VPWR,li1,56.3500,24.4800,1.800000
FILLER_4_106,VPWR,li1,54.9700,24.4800,1.800000
FILLER_4_103,VPWR,li1,53.5900,24.4800,1.800000
FILLER_4_100,VPWR,li1,52.2100,24.4800,1.800000
FILLER_4_97,VPWR,li1,50.8300,24.4800,1.800000
FILLER_4_94,VPWR,li1,49.4500,24.4800,1.800000
FILLER_4_91,VPWR,li1,48.0700,24.4800,1.800000
FILLER_4_88,VPWR,li1,46.6900,24.4800,1.800000
FILLER_4_85,VPWR,li1,45.3100,24.4800,1.800000
FILLER_4_83,VPWR,li1,43.9300,24.4800,1.800000
FILLER_4_80,VPWR,li1,43.0100,24.4800,1.800000
FILLER_4_77,VPWR,li1,41.6300,24.4800,1.800000
FILLER_4_74,VPWR,li1,40.2500,24.4800,1.800000
FILLER_4_71,VPWR,li1,38.8700,24.4800,1.800000
FILLER_4_68,VPWR,li1,37.4900,24.4800,1.800000
FILLER_4_65,VPWR,li1,36.1100,24.4800,1.800000
FILLER_4_62,VPWR,li1,34.7300,24.4800,1.800000
FILLER_4_59,VPWR,li1,33.3500,24.4800,1.800000
FILLER_4_56,VPWR,li1,31.9700,24.4800,1.800000
FILLER_4_53,VPWR,li1,30.5900,24.4800,1.800000
FILLER_4_50,VPWR,li1,29.2100,24.4800,1.800000
FILLER_4_47,VPWR,li1,27.8300,24.4800,1.800000
FILLER_4_44,VPWR,li1,26.4500,24.4800,1.800000
FILLER_4_41,VPWR,li1,25.0700,24.4800,1.800000
FILLER_4_38,VPWR,li1,23.6900,24.4800,1.800000
FILLER_4_35,VPWR,li1,22.3100,24.4800,1.800000
FILLER_4_32,VPWR,li1,20.9300,24.4800,1.800000
FILLER_4_29,VPWR,li1,19.5500,24.4800,1.800000
FILLER_4_27,VPWR,li1,18.1700,24.4800,1.800000
FILLER_4_24,VPWR,li1,17.2500,24.4800,1.800000
FILLER_4_21,VPWR,li1,15.8700,24.4800,1.800000
FILLER_4_18,VPWR,li1,14.4900,24.4800,1.800000
FILLER_4_15,VPWR,li1,13.1100,24.4800,1.800000
FILLER_4_12,VPWR,li1,11.7300,24.4800,1.800000
FILLER_4_9,VPWR,li1,10.3500,24.4800,1.800000
FILLER_4_6,VPWR,li1,8.9700,24.4800,1.800000
FILLER_4_3,VPWR,li1,7.5900,24.4800,1.800000
FILLER_3_187,VPWR,li1,92.2300,19.0400,1.800000
FILLER_3_184,VPWR,li1,90.8500,19.0400,1.800000
FILLER_3_181,VPWR,li1,89.4700,19.0400,1.800000
FILLER_3_178,VPWR,li1,88.0900,19.0400,1.800000
FILLER_3_175,VPWR,li1,86.7100,19.0400,1.800000
FILLER_3_172,VPWR,li1,85.3300,19.0400,1.800000
FILLER_3_169,VPWR,li1,83.9500,19.0400,1.800000
FILLER_3_167,VPWR,li1,82.5700,19.0400,1.800000
FILLER_3_164,VPWR,li1,81.6500,19.0400,1.800000
FILLER_3_161,VPWR,li1,80.2700,19.0400,1.800000
FILLER_3_158,VPWR,li1,78.8900,19.0400,1.800000
FILLER_3_155,VPWR,li1,77.5100,19.0400,1.800000
FILLER_3_152,VPWR,li1,76.1300,19.0400,1.800000
FILLER_3_149,VPWR,li1,74.7500,19.0400,1.800000
FILLER_3_146,VPWR,li1,73.3700,19.0400,1.800000
FILLER_3_143,VPWR,li1,71.9900,19.0400,1.800000
FILLER_3_140,VPWR,li1,70.6100,19.0400,1.800000
FILLER_3_137,VPWR,li1,69.2300,19.0400,1.800000
FILLER_3_134,VPWR,li1,67.8500,19.0400,1.800000
FILLER_3_131,VPWR,li1,66.4700,19.0400,1.800000
FILLER_3_128,VPWR,li1,65.0900,19.0400,1.800000
FILLER_3_125,VPWR,li1,63.7100,19.0400,1.800000
FILLER_3_122,VPWR,li1,62.3300,19.0400,1.800000
FILLER_3_119,VPWR,li1,60.9500,19.0400,1.800000
FILLER_3_116,VPWR,li1,59.5700,19.0400,1.800000
FILLER_3_113,VPWR,li1,58.1900,19.0400,1.800000
FILLER_3_111,VPWR,li1,56.8100,19.0400,1.800000
FILLER_3_108,VPWR,li1,55.8900,19.0400,1.800000
FILLER_3_105,VPWR,li1,54.5100,19.0400,1.800000
FILLER_3_102,VPWR,li1,53.1300,19.0400,1.800000
FILLER_3_99,VPWR,li1,51.7500,19.0400,1.800000
FILLER_3_96,VPWR,li1,50.3700,19.0400,1.800000
FILLER_3_93,VPWR,li1,48.9900,19.0400,1.800000
FILLER_3_90,VPWR,li1,47.6100,19.0400,1.800000
FILLER_3_87,VPWR,li1,46.2300,19.0400,1.800000
FILLER_3_84,VPWR,li1,44.8500,19.0400,1.800000
FILLER_3_81,VPWR,li1,43.4700,19.0400,1.800000
FILLER_3_78,VPWR,li1,42.0900,19.0400,1.800000
FILLER_3_75,VPWR,li1,40.7100,19.0400,1.800000
FILLER_3_72,VPWR,li1,39.3300,19.0400,1.800000
FILLER_3_69,VPWR,li1,37.9500,19.0400,1.800000
FILLER_3_66,VPWR,li1,36.5700,19.0400,1.800000
FILLER_3_63,VPWR,li1,35.1900,19.0400,1.800000
FILLER_3_60,VPWR,li1,33.8100,19.0400,1.800000
FILLER_3_57,VPWR,li1,32.4300,19.0400,1.800000
FILLER_3_54,VPWR,li1,30.8200,19.0400,1.800000
FILLER_3_51,VPWR,li1,29.6700,19.0400,1.800000
FILLER_3_48,VPWR,li1,28.2900,19.0400,1.800000
FILLER_3_45,VPWR,li1,26.9100,19.0400,1.800000
FILLER_3_42,VPWR,li1,25.5300,19.0400,1.800000
FILLER_3_39,VPWR,li1,24.1500,19.0400,1.800000
FILLER_3_36,VPWR,li1,22.7700,19.0400,1.800000
FILLER_3_33,VPWR,li1,21.3900,19.0400,1.800000
FILLER_3_30,VPWR,li1,20.0100,19.0400,1.800000
FILLER_3_27,VPWR,li1,18.6300,19.0400,1.800000
FILLER_3_24,VPWR,li1,17.2500,19.0400,1.800000
FILLER_3_21,VPWR,li1,15.8700,19.0400,1.800000
FILLER_3_18,VPWR,li1,14.4900,19.0400,1.800000
FILLER_3_15,VPWR,li1,13.1100,19.0400,1.800000
FILLER_3_12,VPWR,li1,11.7300,19.0400,1.800000
FILLER_3_9,VPWR,li1,10.3500,19.0400,1.800000
FILLER_3_6,VPWR,li1,8.9700,19.0400,1.800000
FILLER_3_3,VPWR,li1,7.5900,19.0400,1.800000
FILLER_2_189,VPWR,li1,92.6900,19.0400,1.800000
FILLER_2_186,VPWR,li1,91.7700,19.0400,1.800000
FILLER_2_183,VPWR,li1,90.3900,19.0400,1.800000
FILLER_2_180,VPWR,li1,89.0100,19.0400,1.800000
FILLER_2_177,VPWR,li1,87.6300,19.0400,1.800000
FILLER_2_174,VPWR,li1,86.2500,19.0400,1.800000
FILLER_2_171,VPWR,li1,84.8700,19.0400,1.800000
FILLER_2_168,VPWR,li1,83.4900,19.0400,1.800000
FILLER_2_165,VPWR,li1,82.1100,19.0400,1.800000
FILLER_2_162,VPWR,li1,80.7300,19.0400,1.800000
FILLER_2_159,VPWR,li1,79.3500,19.0400,1.800000
FILLER_2_156,VPWR,li1,77.9700,19.0400,1.800000
FILLER_2_153,VPWR,li1,76.5900,19.0400,1.800000
FILLER_2_150,VPWR,li1,75.2100,19.0400,1.800000
FILLER_2_147,VPWR,li1,73.8300,19.0400,1.800000
FILLER_2_144,VPWR,li1,72.4500,19.0400,1.800000
FILLER_2_141,VPWR,li1,71.0700,19.0400,1.800000
FILLER_2_137,VPWR,li1,69.2300,19.0400,1.800000
FILLER_2_134,VPWR,li1,67.8500,19.0400,1.800000
FILLER_2_131,VPWR,li1,66.4700,19.0400,1.800000
FILLER_2_128,VPWR,li1,65.0900,19.0400,1.800000
FILLER_2_125,VPWR,li1,63.7100,19.0400,1.800000
FILLER_2_122,VPWR,li1,62.3300,19.0400,1.800000
FILLER_2_119,VPWR,li1,60.9500,19.0400,1.800000
FILLER_2_116,VPWR,li1,59.5700,19.0400,1.800000
FILLER_2_113,VPWR,li1,58.1900,19.0400,1.800000
FILLER_2_110,VPWR,li1,56.8100,19.0400,1.800000
FILLER_2_107,VPWR,li1,55.4300,19.0400,1.800000
FILLER_2_104,VPWR,li1,54.0500,19.0400,1.800000
FILLER_2_101,VPWR,li1,52.6700,19.0400,1.800000
FILLER_2_98,VPWR,li1,51.2900,19.0400,1.800000
FILLER_2_94,VPWR,li1,48.9900,19.0400,1.800000
FILLER_2_91,VPWR,li1,48.0700,19.0400,1.800000
FILLER_2_88,VPWR,li1,46.6900,19.0400,1.800000
FILLER_2_85,VPWR,li1,45.3100,19.0400,1.800000
FILLER_2_83,VPWR,li1,43.9300,19.0400,1.800000
FILLER_2_80,VPWR,li1,43.0100,19.0400,1.800000
FILLER_2_77,VPWR,li1,41.6300,19.0400,1.800000
FILLER_2_74,VPWR,li1,40.2500,19.0400,1.800000
FILLER_2_71,VPWR,li1,38.8700,19.0400,1.800000
FILLER_2_68,VPWR,li1,37.4900,19.0400,1.800000
FILLER_2_65,VPWR,li1,36.1100,19.0400,1.800000
FILLER_2_62,VPWR,li1,34.7300,19.0400,1.800000
FILLER_2_59,VPWR,li1,33.3500,19.0400,1.800000
FILLER_2_56,VPWR,li1,31.9700,19.0400,1.800000
FILLER_2_53,VPWR,li1,30.5900,19.0400,1.800000
FILLER_2_50,VPWR,li1,29.2100,19.0400,1.800000
FILLER_2_47,VPWR,li1,27.8300,19.0400,1.800000
FILLER_2_44,VPWR,li1,26.4500,19.0400,1.800000
FILLER_2_41,VPWR,li1,25.0700,19.0400,1.800000
FILLER_2_38,VPWR,li1,23.6900,19.0400,1.800000
FILLER_2_35,VPWR,li1,22.3100,19.0400,1.800000
FILLER_2_32,VPWR,li1,20.9300,19.0400,1.800000
FILLER_2_29,VPWR,li1,19.5500,19.0400,1.800000
FILLER_2_27,VPWR,li1,18.1700,19.0400,1.800000
FILLER_2_24,VPWR,li1,17.2500,19.0400,1.800000
FILLER_2_21,VPWR,li1,15.8700,19.0400,1.800000
FILLER_2_18,VPWR,li1,14.4900,19.0400,1.800000
FILLER_2_15,VPWR,li1,13.1100,19.0400,1.800000
FILLER_2_12,VPWR,li1,11.7300,19.0400,1.800000
FILLER_2_9,VPWR,li1,10.3500,19.0400,1.800000
FILLER_2_6,VPWR,li1,8.9700,19.0400,1.800000
FILLER_2_3,VPWR,li1,7.5900,19.0400,1.800000
FILLER_1_187,VPWR,li1,92.2300,13.6000,1.799998
FILLER_1_184,VPWR,li1,90.8500,13.6000,1.799998
FILLER_1_181,VPWR,li1,89.4700,13.6000,1.799998
FILLER_1_178,VPWR,li1,88.0900,13.6000,1.799998
FILLER_1_175,VPWR,li1,86.7100,13.6000,1.799998
FILLER_1_172,VPWR,li1,85.3300,13.6000,1.799998
FILLER_1_169,VPWR,li1,83.9500,13.6000,1.799998
FILLER_1_167,VPWR,li1,82.5700,13.6000,1.799998
FILLER_1_164,VPWR,li1,81.6500,13.6000,1.799998
FILLER_1_161,VPWR,li1,80.2700,13.6000,1.799998
FILLER_1_158,VPWR,li1,78.8900,13.6000,1.799998
FILLER_1_155,VPWR,li1,77.5100,13.6000,1.799998
FILLER_1_152,VPWR,li1,76.1300,13.6000,1.799998
FILLER_1_149,VPWR,li1,74.7500,13.6000,1.799998
FILLER_1_146,VPWR,li1,73.3700,13.6000,1.799998
FILLER_1_143,VPWR,li1,71.9900,13.6000,1.799998
FILLER_1_140,VPWR,li1,70.6100,13.6000,1.799998
FILLER_1_137,VPWR,li1,69.2300,13.6000,1.799998
FILLER_1_134,VPWR,li1,67.8500,13.6000,1.799998
FILLER_1_131,VPWR,li1,66.4700,13.6000,1.799998
FILLER_1_128,VPWR,li1,65.0900,13.6000,1.799998
FILLER_1_125,VPWR,li1,63.7100,13.6000,1.799998
FILLER_1_122,VPWR,li1,62.3300,13.6000,1.799998
FILLER_1_119,VPWR,li1,60.9500,13.6000,1.799998
FILLER_1_116,VPWR,li1,59.5700,13.6000,1.799998
FILLER_1_113,VPWR,li1,58.1900,13.6000,1.799998
FILLER_1_111,VPWR,li1,56.8100,13.6000,1.799998
FILLER_1_108,VPWR,li1,55.8900,13.6000,1.799998
FILLER_1_105,VPWR,li1,54.5100,13.6000,1.799998
FILLER_1_84,VPWR,li1,44.8500,13.6000,1.799998
FILLER_1_81,VPWR,li1,43.4700,13.6000,1.799999
FILLER_1_78,VPWR,li1,42.0900,13.6000,1.799999
FILLER_1_75,VPWR,li1,40.7100,13.6000,1.799999
FILLER_1_72,VPWR,li1,39.3300,13.6000,1.799999
FILLER_1_69,VPWR,li1,37.9500,13.6000,1.799999
FILLER_1_66,VPWR,li1,36.5700,13.6000,1.799999
FILLER_1_63,VPWR,li1,35.1900,13.6000,1.799999
FILLER_1_60,VPWR,li1,33.8100,13.6000,1.799999
FILLER_1_57,VPWR,li1,32.4300,13.6000,1.799999
FILLER_1_54,VPWR,li1,30.8200,13.6000,1.799999
FILLER_1_51,VPWR,li1,29.6700,13.6000,1.799999
FILLER_1_48,VPWR,li1,28.2900,13.6000,1.799999
FILLER_1_45,VPWR,li1,26.9100,13.6000,1.799999
FILLER_1_42,VPWR,li1,25.5300,13.6000,1.799999
FILLER_1_39,VPWR,li1,24.1500,13.6000,1.799999
FILLER_1_36,VPWR,li1,22.7700,13.6000,1.800000
FILLER_1_33,VPWR,li1,21.3900,13.6000,1.800000
FILLER_1_30,VPWR,li1,20.0100,13.6000,1.800000
FILLER_1_27,VPWR,li1,18.6300,13.6000,1.800000
FILLER_1_24,VPWR,li1,17.2500,13.6000,1.800000
FILLER_1_21,VPWR,li1,15.8700,13.6000,1.800000
FILLER_1_18,VPWR,li1,14.4900,13.6000,1.800000
FILLER_1_15,VPWR,li1,13.1100,13.6000,1.800000
FILLER_1_12,VPWR,li1,11.7300,13.6000,1.800000
FILLER_1_9,VPWR,li1,10.3500,13.6000,1.800000
FILLER_1_6,VPWR,li1,8.9700,13.6000,1.800000
FILLER_1_3,VPWR,li1,7.5900,13.6000,1.800000
FILLER_0_187,VPWR,li1,92.2300,13.6000,1.799998
FILLER_0_184,VPWR,li1,90.8500,13.6000,1.799998
FILLER_0_181,VPWR,li1,89.4700,13.6000,1.799998
FILLER_0_178,VPWR,li1,88.0900,13.6000,1.799998
FILLER_0_175,VPWR,li1,86.7100,13.6000,1.799998
FILLER_0_172,VPWR,li1,85.3300,13.6000,1.799998
FILLER_0_169,VPWR,li1,83.9500,13.6000,1.799998
FILLER_0_165,VPWR,li1,82.1100,13.6000,1.799998
FILLER_0_162,VPWR,li1,80.7300,13.6000,1.799998
FILLER_0_159,VPWR,li1,79.3500,13.6000,1.799998
FILLER_0_156,VPWR,li1,77.9700,13.6000,1.799998
FILLER_0_153,VPWR,li1,76.5900,13.6000,1.799998
FILLER_0_150,VPWR,li1,75.2100,13.6000,1.799998
FILLER_0_147,VPWR,li1,73.8300,13.6000,1.799998
FILLER_0_144,VPWR,li1,72.4500,13.6000,1.799998
FILLER_0_141,VPWR,li1,71.0700,13.6000,1.799998
FILLER_0_137,VPWR,li1,69.2300,13.6000,1.799998
FILLER_0_134,VPWR,li1,67.8500,13.6000,1.799998
FILLER_0_131,VPWR,li1,66.4700,13.6000,1.799998
FILLER_0_128,VPWR,li1,65.0900,13.6000,1.799998
FILLER_0_125,VPWR,li1,63.7100,13.6000,1.799998
FILLER_0_122,VPWR,li1,62.3300,13.6000,1.799998
FILLER_0_119,VPWR,li1,60.9500,13.6000,1.799998
FILLER_0_116,VPWR,li1,59.5700,13.6000,1.799998
FILLER_0_113,VPWR,li1,58.1900,13.6000,1.799998
FILLER_0_110,VPWR,li1,56.5800,13.6000,1.799998
FILLER_0_107,VPWR,li1,55.4300,13.6000,1.799998
FILLER_0_91,VPWR,li1,47.8400,13.6000,1.799998
FILLER_0_88,VPWR,li1,46.6900,13.6000,1.799998
FILLER_0_85,VPWR,li1,45.3100,13.6000,1.799998
FILLER_0_81,VPWR,li1,43.4700,13.6000,1.799999
FILLER_0_78,VPWR,li1,42.0900,13.6000,1.799999
FILLER_0_75,VPWR,li1,40.7100,13.6000,1.799999
FILLER_0_72,VPWR,li1,39.3300,13.6000,1.799999
FILLER_0_69,VPWR,li1,37.9500,13.6000,1.799999
FILLER_0_66,VPWR,li1,36.5700,13.6000,1.799999
FILLER_0_63,VPWR,li1,35.1900,13.6000,1.799999
FILLER_0_60,VPWR,li1,33.8100,13.6000,1.799999
FILLER_0_57,VPWR,li1,32.4300,13.6000,1.799999
FILLER_0_53,VPWR,li1,30.5900,13.6000,1.799999
FILLER_0_50,VPWR,li1,29.2100,13.6000,1.799999
FILLER_0_47,VPWR,li1,27.8300,13.6000,1.799999
FILLER_0_44,VPWR,li1,26.4500,13.6000,1.799999
FILLER_0_41,VPWR,li1,25.0700,13.6000,1.799999
FILLER_0_38,VPWR,li1,23.6900,13.6000,1.799999
FILLER_0_35,VPWR,li1,22.3100,13.6000,1.800000
FILLER_0_32,VPWR,li1,20.9300,13.6000,1.800000
FILLER_0_29,VPWR,li1,19.5500,13.6000,1.800000
FILLER_0_27,VPWR,li1,18.1700,13.6000,1.800000
FILLER_0_24,VPWR,li1,17.2500,13.6000,1.800000
FILLER_0_21,VPWR,li1,15.8700,13.6000,1.800000
FILLER_0_18,VPWR,li1,14.4900,13.6000,1.800000
FILLER_0_15,VPWR,li1,13.1100,13.6000,1.800000
FILLER_0_12,VPWR,li1,11.7300,13.6000,1.800000
FILLER_0_9,VPWR,li1,10.3500,13.6000,1.800000
FILLER_0_6,VPWR,li1,8.9700,13.6000,1.800000
FILLER_0_3,VPWR,li1,7.5900,13.6000,1.800000
output2,VPWR,li1,51.9800,13.6000,1.799998
input1,VPWR,li1,52.9000,13.6000,1.799998
TAP_TAPCELL_ROW_27_145,VPWR,li1,83.0300,84.6260,1.800000
TAP_TAPCELL_ROW_27_144,VPWR,li1,70.1500,84.6260,1.800000
TAP_TAPCELL_ROW_27_143,VPWR,li1,57.2700,84.6260,1.800000
TAP_TAPCELL_ROW_27_142,VPWR,li1,44.3900,84.6260,1.800000
TAP_TAPCELL_ROW_27_141,VPWR,li1,31.5100,84.6260,1.800000
TAP_TAPCELL_ROW_27_140,VPWR,li1,18.6300,84.6260,1.800000
TAP_TAPCELL_ROW_26_139,VPWR,li1,70.1500,84.0130,1.800000
TAP_TAPCELL_ROW_26_138,VPWR,li1,44.3900,84.0130,1.800000
TAP_TAPCELL_ROW_26_137,VPWR,li1,18.6300,84.0130,1.800000
TAP_TAPCELL_ROW_25_136,VPWR,li1,83.0300,79.1860,1.800000
TAP_TAPCELL_ROW_25_135,VPWR,li1,57.2700,79.1860,1.800000
TAP_TAPCELL_ROW_25_134,VPWR,li1,31.5100,79.1860,1.800000
TAP_TAPCELL_ROW_24_133,VPWR,li1,70.1500,78.5730,1.800000
TAP_TAPCELL_ROW_24_132,VPWR,li1,44.3900,78.5730,1.800000
TAP_TAPCELL_ROW_24_131,VPWR,li1,18.6300,78.5730,1.800000
TAP_TAPCELL_ROW_23_130,VPWR,li1,83.0300,73.7460,1.800000
TAP_TAPCELL_ROW_23_129,VPWR,li1,57.2700,73.7460,1.800000
TAP_TAPCELL_ROW_23_128,VPWR,li1,31.5100,73.7460,1.800000
TAP_TAPCELL_ROW_22_127,VPWR,li1,70.1500,73.1330,1.800000
TAP_TAPCELL_ROW_22_126,VPWR,li1,44.3900,73.1330,1.800000
TAP_TAPCELL_ROW_22_125,VPWR,li1,18.6300,73.1330,1.800000
TAP_TAPCELL_ROW_21_124,VPWR,li1,83.0300,68.3060,1.800000
TAP_TAPCELL_ROW_21_123,VPWR,li1,57.2700,68.3060,1.800000
TAP_TAPCELL_ROW_21_122,VPWR,li1,31.5100,68.3060,1.800000
TAP_TAPCELL_ROW_20_121,VPWR,li1,70.1500,67.6930,1.800000
TAP_TAPCELL_ROW_20_120,VPWR,li1,44.3900,67.6930,1.800000
TAP_TAPCELL_ROW_20_119,VPWR,li1,18.6300,67.6930,1.800000
TAP_TAPCELL_ROW_19_118,VPWR,li1,83.0300,62.8660,1.800000
TAP_TAPCELL_ROW_19_117,VPWR,li1,57.2700,62.8660,1.800000
TAP_TAPCELL_ROW_19_116,VPWR,li1,31.5100,62.8660,1.800000
TAP_TAPCELL_ROW_18_115,VPWR,li1,70.1500,62.2530,1.800000
TAP_TAPCELL_ROW_18_114,VPWR,li1,44.3900,62.2530,1.800000
TAP_TAPCELL_ROW_18_113,VPWR,li1,18.6300,62.2530,1.800000
TAP_TAPCELL_ROW_17_112,VPWR,li1,83.0300,57.4260,1.800000
TAP_TAPCELL_ROW_17_111,VPWR,li1,57.2700,57.4260,1.800000
TAP_TAPCELL_ROW_17_110,VPWR,li1,31.5100,57.4260,1.800000
TAP_TAPCELL_ROW_16_109,VPWR,li1,70.1500,56.8130,1.800000
TAP_TAPCELL_ROW_16_108,VPWR,li1,44.3900,56.8130,1.800000
TAP_TAPCELL_ROW_16_107,VPWR,li1,18.6300,56.8130,1.800000
TAP_TAPCELL_ROW_15_106,VPWR,li1,83.0300,51.9860,1.800000
TAP_TAPCELL_ROW_15_105,VPWR,li1,57.2700,51.9860,1.800000
TAP_TAPCELL_ROW_15_104,VPWR,li1,31.5100,51.9860,1.800000
TAP_TAPCELL_ROW_14_103,VPWR,li1,70.1500,51.3730,1.800000
TAP_TAPCELL_ROW_14_102,VPWR,li1,44.3900,51.3730,1.800000
TAP_TAPCELL_ROW_14_101,VPWR,li1,18.6300,51.3730,1.800000
TAP_TAPCELL_ROW_13_100,VPWR,li1,83.0300,46.5460,1.800000
TAP_TAPCELL_ROW_13_99,VPWR,li1,57.2700,46.5460,1.800000
TAP_TAPCELL_ROW_13_98,VPWR,li1,31.5100,46.5460,1.800000
TAP_TAPCELL_ROW_12_97,VPWR,li1,70.1500,45.9330,1.800000
TAP_TAPCELL_ROW_12_96,VPWR,li1,44.3900,45.9330,1.800000
TAP_TAPCELL_ROW_12_95,VPWR,li1,18.6300,45.9330,1.800000
TAP_TAPCELL_ROW_11_94,VPWR,li1,83.0300,41.1060,1.800000
TAP_TAPCELL_ROW_11_93,VPWR,li1,57.2700,41.1060,1.800000
TAP_TAPCELL_ROW_11_92,VPWR,li1,31.5100,41.1060,1.800000
TAP_TAPCELL_ROW_10_91,VPWR,li1,70.1500,40.4930,1.800000
TAP_TAPCELL_ROW_10_90,VPWR,li1,44.3900,40.4930,1.800000
TAP_TAPCELL_ROW_10_89,VPWR,li1,18.6300,40.4930,1.800000
TAP_TAPCELL_ROW_9_88,VPWR,li1,83.0300,35.6660,1.800000
TAP_TAPCELL_ROW_9_87,VPWR,li1,57.2700,35.6660,1.800000
TAP_TAPCELL_ROW_9_86,VPWR,li1,31.5100,35.6660,1.800000
TAP_TAPCELL_ROW_8_85,VPWR,li1,70.1500,35.0530,1.800000
TAP_TAPCELL_ROW_8_84,VPWR,li1,44.3900,35.0530,1.800000
TAP_TAPCELL_ROW_8_83,VPWR,li1,18.6300,35.0530,1.800000
TAP_TAPCELL_ROW_7_82,VPWR,li1,83.0300,30.2260,1.800000
TAP_TAPCELL_ROW_7_81,VPWR,li1,57.2700,30.2260,1.800000
TAP_TAPCELL_ROW_7_80,VPWR,li1,31.5100,30.2260,1.800000
TAP_TAPCELL_ROW_6_79,VPWR,li1,70.1500,29.6130,1.800000
TAP_TAPCELL_ROW_6_78,VPWR,li1,44.3900,29.6130,1.800000
TAP_TAPCELL_ROW_6_77,VPWR,li1,18.6300,29.6130,1.800000
TAP_TAPCELL_ROW_5_76,VPWR,li1,83.0300,24.7860,1.800000
TAP_TAPCELL_ROW_5_75,VPWR,li1,57.2700,24.7860,1.800000
TAP_TAPCELL_ROW_5_74,VPWR,li1,31.5100,24.7860,1.800000
TAP_TAPCELL_ROW_4_73,VPWR,li1,70.1500,24.1730,1.800000
TAP_TAPCELL_ROW_4_72,VPWR,li1,44.3900,24.1730,1.800000
TAP_TAPCELL_ROW_4_71,VPWR,li1,18.6300,24.1730,1.800000
TAP_TAPCELL_ROW_3_70,VPWR,li1,83.0300,19.3460,1.800000
TAP_TAPCELL_ROW_3_69,VPWR,li1,57.2700,19.3460,1.800000
TAP_TAPCELL_ROW_3_68,VPWR,li1,31.5100,19.3460,1.800000
TAP_TAPCELL_ROW_2_67,VPWR,li1,70.1500,18.7330,1.800000
TAP_TAPCELL_ROW_2_66,VPWR,li1,44.3900,18.7330,1.800000
TAP_TAPCELL_ROW_2_65,VPWR,li1,18.6300,18.7330,1.800000
TAP_TAPCELL_ROW_1_64,VPWR,li1,83.0300,13.9060,1.799998
TAP_TAPCELL_ROW_1_63,VPWR,li1,57.2700,13.9060,1.799998
TAP_TAPCELL_ROW_1_62,VPWR,li1,31.5100,13.9060,1.799999
TAP_TAPCELL_ROW_0_61,VPWR,li1,83.0300,13.2930,1.799998
TAP_TAPCELL_ROW_0_60,VPWR,li1,70.1500,13.2930,1.799998
TAP_TAPCELL_ROW_0_59,VPWR,li1,57.2700,13.2930,1.799998
TAP_TAPCELL_ROW_0_58,VPWR,li1,44.3900,13.2930,1.799998
TAP_TAPCELL_ROW_0_57,VPWR,li1,31.5100,13.2930,1.799999
TAP_TAPCELL_ROW_0_56,VPWR,li1,18.6300,13.2930,1.800000
PHY_EDGE_ROW_27_Left_55,VPWR,li1,6.2100,84.3200,1.800000
PHY_EDGE_ROW_26_Left_54,VPWR,li1,6.2100,84.3200,1.800000
PHY_EDGE_ROW_25_Left_53,VPWR,li1,6.2100,78.8800,1.800000
PHY_EDGE_ROW_24_Left_52,VPWR,li1,6.2100,78.8800,1.800000
PHY_EDGE_ROW_23_Left_51,VPWR,li1,6.2100,73.4400,1.800000
PHY_EDGE_ROW_22_Left_50,VPWR,li1,6.2100,73.4400,1.800000
PHY_EDGE_ROW_21_Left_49,VPWR,li1,6.2100,68.0000,1.800000
PHY_EDGE_ROW_20_Left_48,VPWR,li1,6.2100,68.0000,1.800000
PHY_EDGE_ROW_19_Left_47,VPWR,li1,6.2100,62.5600,1.800000
PHY_EDGE_ROW_18_Left_46,VPWR,li1,6.2100,62.5600,1.800000
PHY_EDGE_ROW_17_Left_45,VPWR,li1,6.2100,57.1200,1.800000
PHY_EDGE_ROW_16_Left_44,VPWR,li1,6.2100,57.1200,1.800000
PHY_EDGE_ROW_15_Left_43,VPWR,li1,6.2100,51.6800,1.800000
PHY_EDGE_ROW_14_Left_42,VPWR,li1,6.2100,51.6800,1.800000
PHY_EDGE_ROW_13_Left_41,VPWR,li1,6.2100,46.2400,1.800000
PHY_EDGE_ROW_12_Left_40,VPWR,li1,6.2100,46.2400,1.800000
PHY_EDGE_ROW_11_Left_39,VPWR,li1,6.2100,40.8000,1.800000
PHY_EDGE_ROW_10_Left_38,VPWR,li1,6.2100,40.8000,1.800000
PHY_EDGE_ROW_9_Left_37,VPWR,li1,6.2100,35.3600,1.800000
PHY_EDGE_ROW_8_Left_36,VPWR,li1,6.2100,35.3600,1.800000
PHY_EDGE_ROW_7_Left_35,VPWR,li1,6.2100,29.9200,1.800000
PHY_EDGE_ROW_6_Left_34,VPWR,li1,6.2100,29.9200,1.800000
PHY_EDGE_ROW_5_Left_33,VPWR,li1,6.2100,24.4800,1.800000
PHY_EDGE_ROW_4_Left_32,VPWR,li1,6.2100,24.4800,1.800000
PHY_EDGE_ROW_3_Left_31,VPWR,li1,6.2100,19.0400,1.800000
PHY_EDGE_ROW_2_Left_30,VPWR,li1,6.2100,19.0400,1.800000
PHY_EDGE_ROW_1_Left_29,VPWR,li1,6.2100,13.6000,1.800000
PHY_EDGE_ROW_0_Left_28,VPWR,li1,6.2100,13.6000,1.800000
PHY_EDGE_ROW_27_Right_27,VPWR,li1,93.6100,84.3200,1.800000
PHY_EDGE_ROW_26_Right_26,VPWR,li1,93.6100,84.3200,1.800000
PHY_EDGE_ROW_25_Right_25,VPWR,li1,93.6100,78.8800,1.800000
PHY_EDGE_ROW_24_Right_24,VPWR,li1,93.6100,78.8800,1.800000
PHY_EDGE_ROW_23_Right_23,VPWR,li1,93.6100,73.4400,1.800000
PHY_EDGE_ROW_22_Right_22,VPWR,li1,93.6100,73.4400,1.800000
PHY_EDGE_ROW_21_Right_21,VPWR,li1,93.6100,68.0000,1.800000
PHY_EDGE_ROW_20_Right_20,VPWR,li1,93.6100,68.0000,1.800000
PHY_EDGE_ROW_19_Right_19,VPWR,li1,93.6100,62.5600,1.800000
PHY_EDGE_ROW_18_Right_18,VPWR,li1,93.6100,62.5600,1.800000
PHY_EDGE_ROW_17_Right_17,VPWR,li1,93.6100,57.1200,1.800000
PHY_EDGE_ROW_16_Right_16,VPWR,li1,93.6100,57.1200,1.800000
PHY_EDGE_ROW_15_Right_15,VPWR,li1,93.6100,51.6800,1.800000
PHY_EDGE_ROW_14_Right_14,VPWR,li1,93.6100,51.6800,1.800000
PHY_EDGE_ROW_13_Right_13,VPWR,li1,93.6100,46.2400,1.800000
PHY_EDGE_ROW_12_Right_12,VPWR,li1,93.6100,46.2400,1.800000
PHY_EDGE_ROW_11_Right_11,VPWR,li1,93.6100,40.8000,1.800000
PHY_EDGE_ROW_10_Right_10,VPWR,li1,93.6100,40.8000,1.800000
PHY_EDGE_ROW_9_Right_9,VPWR,li1,93.6100,35.3600,1.800000
PHY_EDGE_ROW_8_Right_8,VPWR,li1,93.6100,35.3600,1.800000
PHY_EDGE_ROW_7_Right_7,VPWR,li1,93.6100,29.9200,1.800000
PHY_EDGE_ROW_6_Right_6,VPWR,li1,93.6100,29.9200,1.800000
PHY_EDGE_ROW_5_Right_5,VPWR,li1,93.6100,24.4800,1.800000
PHY_EDGE_ROW_4_Right_4,VPWR,li1,93.6100,24.4800,1.800000
PHY_EDGE_ROW_3_Right_3,VPWR,li1,93.6100,19.0400,1.800000
PHY_EDGE_ROW_2_Right_2,VPWR,li1,93.6100,19.0400,1.800000
PHY_EDGE_ROW_1_Right_1,VPWR,li1,93.6100,13.6000,1.799998
PHY_EDGE_ROW_0_Right_0,VPWR,li1,93.6100,13.6000,1.799998
u_nand,VPWR,li1,49.9100,19.0400,1.800000
u_inv3,VPWR,li1,46.2300,13.6000,1.799998
u_inv2,VPWR,li1,48.9900,13.6000,1.799998
u_inv1,VPWR,li1,47.6100,13.6000,1.799998
u_inv0,VPWR,li1,50.3700,13.6000,1.799998
u_buf,VPWR,li1,49.2200,13.6000,1.799998
